2020-04-04,"Abbeville","South Carolina",6
2020-04-04,"Acadia","Louisiana",65
2020-04-04,"Accomack","Virginia",8
2020-04-04,"Ada","Idaho",360
2020-04-04,"Adair","Iowa",1
2020-04-04,"Adair","Kentucky",3
2020-04-04,"Adair","Missouri",10
2020-04-04,"Adair","Oklahoma",14
2020-04-04,"Adams","Colorado",294
2020-04-04,"Adams","Idaho",1
2020-04-04,"Adams","Illinois",3
2020-04-04,"Adams","Indiana",2
2020-04-04,"Adams","Mississippi",16
2020-04-04,"Adams","Nebraska",8
2020-04-04,"Adams","Ohio",1
2020-04-04,"Adams","Pennsylvania",21
2020-04-04,"Adams","Washington",20
2020-04-04,"Adams","Wisconsin",1
2020-04-04,"Addison","Vermont",34
2020-04-04,"Aiken","South Carolina",24
2020-04-04,"Alachua","Florida",116
2020-04-04,"Alamance","North Carolina",16
2020-04-04,"Alameda","California",443
2020-04-04,"Alamosa","Colorado",4
2020-04-04,"Albany","New York",293
2020-04-04,"Albany","Wyoming",4
2020-04-04,"Albemarle","Virginia",27
2020-04-04,"Alcorn","Mississippi",6
2020-04-04,"Alexander","North Carolina",2
2020-04-04,"Alexandria","Virginia",68
2020-04-04,"Allamakee","Iowa",16
2020-04-04,"Allegan","Michigan",10
2020-04-04,"Allegany","Maryland",3
2020-04-04,"Allegany","New York",16
2020-04-04,"Alleghany","North Carolina",2
2020-04-04,"Alleghany","Virginia",2
2020-04-04,"Allegheny","Pennsylvania",552
2020-04-04,"Allen","Indiana",59
2020-04-04,"Allen","Kentucky",2
2020-04-04,"Allen","Louisiana",39
2020-04-04,"Allen","Ohio",15
2020-04-04,"Allendale","South Carolina",2
2020-04-04,"Alpine","California",1
2020-04-04,"Amador","California",3
2020-04-04,"Amelia","Virginia",6
2020-04-04,"Amherst","Virginia",6
2020-04-04,"Amite","Mississippi",6
2020-04-04,"Anchorage","Alaska",81
2020-04-04,"Anderson","Kentucky",3
2020-04-04,"Anderson","South Carolina",68
2020-04-04,"Anderson","Tennessee",10
2020-04-04,"Anderson","Texas",1
2020-04-04,"Andrews","Texas",1
2020-04-04,"Androscoggin","Maine",20
2020-04-04,"Angelina","Texas",10
2020-04-04,"Anne Arundel","Maryland",289
2020-04-04,"Anoka","Minnesota",36
2020-04-04,"Anson","North Carolina",3
2020-04-04,"Antelope","Nebraska",1
2020-04-04,"Antrim","Michigan",4
2020-04-04,"Apache","Arizona",42
2020-04-04,"Appanoose","Iowa",1
2020-04-04,"Appling","Georgia",5
2020-04-04,"Arapahoe","Colorado",500
2020-04-04,"Archuleta","Colorado",1
2020-04-04,"Arenac","Michigan",3
2020-04-04,"Arkansas","Arkansas",1
2020-04-04,"Arlington","Virginia",150
2020-04-04,"Armstrong","Pennsylvania",12
2020-04-04,"Aroostook","Maine",1
2020-04-04,"Ascension","Louisiana",284
2020-04-04,"Ashe","North Carolina",1
2020-04-04,"Ashland","Ohio",3
2020-04-04,"Ashland","Wisconsin",1
2020-04-04,"Ashley","Arkansas",1
2020-04-04,"Ashtabula","Ohio",11
2020-04-04,"Asotin","Washington",1
2020-04-04,"Assumption","Louisiana",56
2020-04-04,"Atascosa","Texas",2
2020-04-04,"Atchison","Kansas",2
2020-04-04,"Atchison","Missouri",1
2020-04-04,"Athens","Ohio",3
2020-04-04,"Atlantic","New Jersey",98
2020-04-04,"Atoka","Oklahoma",1
2020-04-04,"Attala","Mississippi",14
2020-04-04,"Audubon","Iowa",1
2020-04-04,"Auglaize","Ohio",6
2020-04-04,"Augusta","Virginia",7
2020-04-04,"Aurora","South Dakota",1
2020-04-04,"Austin","Texas",4
2020-04-04,"Autauga","Alabama",12
2020-04-04,"Avoyelles","Louisiana",36
2020-04-04,"Baca","Colorado",9
2020-04-04,"Bacon","Georgia",6
2020-04-04,"Baker","Florida",11
2020-04-04,"Baker","Georgia",4
2020-04-04,"Baldwin","Alabama",29
2020-04-04,"Baldwin","Georgia",11
2020-04-04,"Baltimore","Maryland",491
2020-04-04,"Baltimore city","Maryland",343
2020-04-04,"Bamberg","South Carolina",5
2020-04-04,"Banks","Georgia",3
2020-04-04,"Bannock","Idaho",5
2020-04-04,"Barbour","Alabama",2
2020-04-04,"Barbour","West Virginia",2
2020-04-04,"Barnes","North Dakota",2
2020-04-04,"Barnstable","Massachusetts",330
2020-04-04,"Barnwell","South Carolina",2
2020-04-04,"Barren","Kentucky",1
2020-04-04,"Barron","Wisconsin",1
2020-04-04,"Barrow","Georgia",22
2020-04-04,"Barry","Michigan",5
2020-04-04,"Barry","Missouri",1
2020-04-04,"Bartholomew","Indiana",45
2020-04-04,"Barton","Kansas",3
2020-04-04,"Bartow","Georgia",160
2020-04-04,"Bastrop","Texas",10
2020-04-04,"Bates","Missouri",3
2020-04-04,"Bath","Kentucky",1
2020-04-04,"Baxter","Arkansas",1
2020-04-04,"Bay","Florida",23
2020-04-04,"Bay","Michigan",24
2020-04-04,"Bayfield","Wisconsin",3
2020-04-04,"Beadle","South Dakota",21
2020-04-04,"Beaufort","North Carolina",9
2020-04-04,"Beaufort","South Carolina",148
2020-04-04,"Beauregard","Louisiana",15
2020-04-04,"Beaver","Pennsylvania",69
2020-04-04,"Beaverhead","Montana",1
2020-04-04,"Beckham","Oklahoma",1
2020-04-04,"Bedford","Pennsylvania",4
2020-04-04,"Bedford","Tennessee",8
2020-04-04,"Bedford","Virginia",4
2020-04-04,"Belknap","New Hampshire",14
2020-04-04,"Bell","Texas",58
2020-04-04,"Belmont","Ohio",17
2020-04-04,"Beltrami","Minnesota",5
2020-04-04,"Ben Hill","Georgia",4
2020-04-04,"Bennington","Vermont",23
2020-04-04,"Benton","Arkansas",42
2020-04-04,"Benton","Iowa",7
2020-04-04,"Benton","Minnesota",1
2020-04-04,"Benton","Mississippi",5
2020-04-04,"Benton","Missouri",3
2020-04-04,"Benton","Oregon",17
2020-04-04,"Benton","Tennessee",4
2020-04-04,"Benton","Washington",151
2020-04-04,"Bergen","New Jersey",5760
2020-04-04,"Berkeley","South Carolina",45
2020-04-04,"Berkeley","West Virginia",49
2020-04-04,"Berks","Pennsylvania",235
2020-04-04,"Berkshire","Massachusetts",253
2020-04-04,"Bernalillo","New Mexico",202
2020-04-04,"Berrien","Georgia",3
2020-04-04,"Berrien","Michigan",56
2020-04-04,"Bertie","North Carolina",7
2020-04-04,"Bexar","Texas",342
2020-04-04,"Bibb","Alabama",4
2020-04-04,"Bibb","Georgia",36
2020-04-04,"Bienville","Louisiana",10
2020-04-04,"Big Stone","Minnesota",1
2020-04-04,"Bingham","Idaho",2
2020-04-04,"Black Hawk","Iowa",10
2020-04-04,"Blackford","Indiana",2
2020-04-04,"Bladen","North Carolina",1
2020-04-04,"Blaine","Idaho",405
2020-04-04,"Blair","Pennsylvania",5
2020-04-04,"Blanco","Texas",2
2020-04-04,"Bleckley","Georgia",1
2020-04-04,"Bledsoe","Tennessee",2
2020-04-04,"Blount","Alabama",10
2020-04-04,"Blount","Tennessee",34
2020-04-04,"Blue Earth","Minnesota",14
2020-04-04,"Bolivar","Mississippi",34
2020-04-04,"Bollinger","Missouri",1
2020-04-04,"Bon Homme","South Dakota",1
2020-04-04,"Bond","Illinois",3
2020-04-04,"Bonner","Idaho",2
2020-04-04,"Bonneville","Idaho",5
2020-04-04,"Boone","Arkansas",1
2020-04-04,"Boone","Indiana",50
2020-04-04,"Boone","Iowa",2
2020-04-04,"Boone","Kentucky",11
2020-04-04,"Boone","Missouri",75
2020-04-04,"Bossier","Louisiana",126
2020-04-04,"Botetourt","Virginia",14
2020-04-04,"Boulder","Colorado",143
2020-04-04,"Bourbon","Kansas",3
2020-04-04,"Bourbon","Kentucky",4
2020-04-04,"Bowie","Texas",17
2020-04-04,"Box Elder","Utah",10
2020-04-04,"Boyd","Kentucky",13
2020-04-04,"Boyle","Kentucky",7
2020-04-04,"Bracken","Kentucky",1
2020-04-04,"Bradford","Florida",6
2020-04-04,"Bradford","Pennsylvania",10
2020-04-04,"Bradley","Arkansas",4
2020-04-04,"Bradley","Tennessee",21
2020-04-04,"Branch","Michigan",10
2020-04-04,"Brazoria","Texas",144
2020-04-04,"Brazos","Texas",75
2020-04-04,"Breathitt","Kentucky",1
2020-04-04,"Bremer","Iowa",2
2020-04-04,"Brevard","Florida",72
2020-04-04,"Bristol","Massachusetts",601
2020-04-04,"Bristol","Rhode Island",21
2020-04-04,"Bristol","Virginia",1
2020-04-04,"Broadwater","Montana",4
2020-04-04,"Brookings","South Dakota",3
2020-04-04,"Brooks","Georgia",5
2020-04-04,"Broome","New York",65
2020-04-04,"Broomfield","Colorado",36
2020-04-04,"Broward","Florida",1765
2020-04-04,"Brown","Indiana",4
2020-04-04,"Brown","Minnesota",3
2020-04-04,"Brown","Ohio",3
2020-04-04,"Brown","South Dakota",9
2020-04-04,"Brown","Texas",4
2020-04-04,"Brown","Wisconsin",24
2020-04-04,"Brunswick","North Carolina",24
2020-04-04,"Brunswick","Virginia",1
2020-04-04,"Bryan","Georgia",15
2020-04-04,"Bryan","Oklahoma",3
2020-04-04,"Buchanan","Iowa",3
2020-04-04,"Buchanan","Missouri",8
2020-04-04,"Buckingham","Virginia",4
2020-04-04,"Bucks","Pennsylvania",517
2020-04-04,"Buena Vista","Virginia",1
2020-04-04,"Buffalo","Nebraska",14
2020-04-04,"Buffalo","Wisconsin",2
2020-04-04,"Bullitt","Kentucky",11
2020-04-04,"Bulloch","Georgia",5
2020-04-04,"Bullock","Alabama",2
2020-04-04,"Buncombe","North Carolina",31
2020-04-04,"Bureau","Illinois",3
2020-04-04,"Burke","Georgia",8
2020-04-04,"Burke","North Carolina",13
2020-04-04,"Burke","North Dakota",2
2020-04-04,"Burleigh","North Dakota",34
2020-04-04,"Burleson","Texas",2
2020-04-04,"Burlington","New Jersey",469
2020-04-04,"Burnet","Texas",4
2020-04-04,"Butler","Alabama",1
2020-04-04,"Butler","Iowa",1
2020-04-04,"Butler","Kansas",8
2020-04-04,"Butler","Kentucky",1
2020-04-04,"Butler","Missouri",2
2020-04-04,"Butler","Ohio",59
2020-04-04,"Butler","Pennsylvania",84
2020-04-04,"Butte","California",11
2020-04-04,"Butts","Georgia",10
2020-04-04,"Cabarrus","North Carolina",65
2020-04-04,"Cabell","West Virginia",5
2020-04-04,"Cache","Utah",16
2020-04-04,"Caddo","Louisiana",598
2020-04-04,"Caddo","Oklahoma",4
2020-04-04,"Calaveras","California",4
2020-04-04,"Calcasieu","Louisiana",135
2020-04-04,"Caldwell","Kentucky",3
2020-04-04,"Caldwell","Louisiana",3
2020-04-04,"Caldwell","Missouri",1
2020-04-04,"Caldwell","North Carolina",5
2020-04-04,"Caldwell","Texas",3
2020-04-04,"Caledonia","Vermont",5
2020-04-04,"Calhoun","Alabama",21
2020-04-04,"Calhoun","Florida",3
2020-04-04,"Calhoun","Georgia",11
2020-04-04,"Calhoun","Michigan",34
2020-04-04,"Calhoun","Mississippi",4
2020-04-04,"Calhoun","South Carolina",4
2020-04-04,"Calhoun","Texas",8
2020-04-04,"Callaway","Missouri",18
2020-04-04,"Calloway","Kentucky",5
2020-04-04,"Calumet","Wisconsin",3
2020-04-04,"Calvert","Maryland",33
2020-04-04,"Camas","Idaho",1
2020-04-04,"Cambria","Pennsylvania",6
2020-04-04,"Camden","Georgia",6
2020-04-04,"Camden","Missouri",20
2020-04-04,"Camden","New Jersey",481
2020-04-04,"Cameron","Pennsylvania",1
2020-04-04,"Cameron","Texas",62
2020-04-04,"Camp","Texas",1
2020-04-04,"Campbell","Kentucky",12
2020-04-04,"Campbell","Tennessee",5
2020-04-04,"Campbell","Virginia",2
2020-04-04,"Campbell","Wyoming",7
2020-04-04,"Canadian","Oklahoma",32
2020-04-04,"Candler","Georgia",1
2020-04-04,"Cannon","Tennessee",4
2020-04-04,"Canyon","Idaho",89
2020-04-04,"Cape Girardeau","Missouri",16
2020-04-04,"Cape May","New Jersey",50
2020-04-04,"Carbon","Montana",1
2020-04-04,"Carbon","Pennsylvania",46
2020-04-04,"Carbon","Utah",1
2020-04-04,"Carbon","Wyoming",4
2020-04-04,"Carlton","Minnesota",8
2020-04-04,"Caroline","Maryland",4
2020-04-04,"Caroline","Virginia",1
2020-04-04,"Carroll","Arkansas",1
2020-04-04,"Carroll","Georgia",149
2020-04-04,"Carroll","Illinois",4
2020-04-04,"Carroll","Indiana",3
2020-04-04,"Carroll","Iowa",1
2020-04-04,"Carroll","Kentucky",2
2020-04-04,"Carroll","Maryland",134
2020-04-04,"Carroll","Mississippi",5
2020-04-04,"Carroll","New Hampshire",17
2020-04-04,"Carroll","Ohio",8
2020-04-04,"Carroll","Tennessee",6
2020-04-04,"Carroll","Virginia",1
2020-04-04,"Carson City","Nevada",10
2020-04-04,"Carter","Kentucky",1
2020-04-04,"Carter","Missouri",3
2020-04-04,"Carter","Oklahoma",1
2020-04-04,"Carter","Tennessee",3
2020-04-04,"Carteret","North Carolina",16
2020-04-04,"Carver","Minnesota",10
2020-04-04,"Cascade","Montana",11
2020-04-04,"Cass","Indiana",4
2020-04-04,"Cass","Michigan",6
2020-04-04,"Cass","Minnesota",1
2020-04-04,"Cass","Missouri",22
2020-04-04,"Cass","Nebraska",2
2020-04-04,"Cass","North Dakota",48
2020-04-04,"Cass","Texas",4
2020-04-04,"Cassia","Idaho",4
2020-04-04,"Castro","Texas",11
2020-04-04,"Caswell","North Carolina",1
2020-04-04,"Catahoula","Louisiana",9
2020-04-04,"Catawba","North Carolina",22
2020-04-04,"Catoosa","Georgia",6
2020-04-04,"Catron","New Mexico",1
2020-04-04,"Cattaraugus","New York",9
2020-04-04,"Cayuga","New York",7
2020-04-04,"Cecil","Maryland",33
2020-04-04,"Cedar","Iowa",11
2020-04-04,"Cedar","Missouri",5
2020-04-04,"Centre","Pennsylvania",39
2020-04-04,"Cerro Gordo","Iowa",10
2020-04-04,"Chaffee","Colorado",19
2020-04-04,"Chambers","Alabama",87
2020-04-04,"Chambers","Texas",11
2020-04-04,"Champaign","Illinois",55
2020-04-04,"Champaign","Ohio",5
2020-04-04,"Chariton","Missouri",4
2020-04-04,"Charles","Maryland",95
2020-04-04,"Charles City","Virginia",4
2020-04-04,"Charles Mix","South Dakota",2
2020-04-04,"Charleston","South Carolina",274
2020-04-04,"Charlevoix","Michigan",7
2020-04-04,"Charlotte","Florida",46
2020-04-04,"Charlotte","Virginia",1
2020-04-04,"Charlottesville","Virginia",21
2020-04-04,"Charlton","Georgia",1
2020-04-04,"Chatham","Georgia",64
2020-04-04,"Chatham","North Carolina",21
2020-04-04,"Chattahoochee","Georgia",2
2020-04-04,"Chattooga","Georgia",3
2020-04-04,"Chautauqua","Kansas",3
2020-04-04,"Chautauqua","New York",10
2020-04-04,"Chaves","New Mexico",13
2020-04-04,"Cheatham","Tennessee",12
2020-04-04,"Cheboygan","Michigan",7
2020-04-04,"Chelan","Washington",24
2020-04-04,"Chemung","New York",36
2020-04-04,"Chenango","New York",39
2020-04-04,"Cherokee","Alabama",6
2020-04-04,"Cherokee","Georgia",114
2020-04-04,"Cherokee","Kansas",5
2020-04-04,"Cherokee","North Carolina",11
2020-04-04,"Cherokee","Oklahoma",10
2020-04-04,"Cherokee","South Carolina",2
2020-04-04,"Cherokee","Texas",6
2020-04-04,"Cherry","Nebraska",1
2020-04-04,"Chesapeake","Virginia",65
2020-04-04,"Cheshire","New Hampshire",9
2020-04-04,"Chester","Pennsylvania",250
2020-04-04,"Chester","South Carolina",12
2020-04-04,"Chester","Tennessee",6
2020-04-04,"Chesterfield","South Carolina",13
2020-04-04,"Chesterfield","Virginia",106
2020-04-04,"Chickasaw","Mississippi",15
2020-04-04,"Chicot","Arkansas",2
2020-04-04,"Chilton","Alabama",15
2020-04-04,"Chippewa","Michigan",1
2020-04-04,"Chippewa","Wisconsin",14
2020-04-04,"Chisago","Minnesota",4
2020-04-04,"Chittenden","Vermont",245
2020-04-04,"Choctaw","Alabama",4
2020-04-04,"Choctaw","Mississippi",8
2020-04-04,"Choctaw","Oklahoma",2
2020-04-04,"Chowan","North Carolina",1
2020-04-04,"Christian","Illinois",17
2020-04-04,"Christian","Kentucky",23
2020-04-04,"Christian","Missouri",16
2020-04-04,"Cibola","New Mexico",11
2020-04-04,"Citrus","Florida",34
2020-04-04,"Clackamas","Oregon",66
2020-04-04,"Claiborne","Louisiana",20
2020-04-04,"Claiborne","Mississippi",1
2020-04-04,"Claiborne","Tennessee",2
2020-04-04,"Clallam","Washington",8
2020-04-04,"Clare","Michigan",1
2020-04-04,"Clarendon","South Carolina",45
2020-04-04,"Clarion","Pennsylvania",4
2020-04-04,"Clark","Arkansas",27
2020-04-04,"Clark","Illinois",2
2020-04-04,"Clark","Indiana",61
2020-04-04,"Clark","Kentucky",11
2020-04-04,"Clark","Missouri",1
2020-04-04,"Clark","Nevada",1418
2020-04-04,"Clark","Ohio",7
2020-04-04,"Clark","South Dakota",1
2020-04-04,"Clark","Washington",137
2020-04-04,"Clark","Wisconsin",6
2020-04-04,"Clarke","Alabama",6
2020-04-04,"Clarke","Georgia",60
2020-04-04,"Clarke","Mississippi",5
2020-04-04,"Clarke","Virginia",2
2020-04-04,"Clatsop","Oregon",4
2020-04-04,"Clay","Alabama",8
2020-04-04,"Clay","Florida",74
2020-04-04,"Clay","Georgia",7
2020-04-04,"Clay","Indiana",3
2020-04-04,"Clay","Iowa",2
2020-04-04,"Clay","Kansas",1
2020-04-04,"Clay","Minnesota",13
2020-04-04,"Clay","Mississippi",7
2020-04-04,"Clay","Missouri",32
2020-04-04,"Clay","North Carolina",3
2020-04-04,"Clay","South Dakota",3
2020-04-04,"Clay","Tennessee",1
2020-04-04,"Clay","Texas",1
2020-04-04,"Clayton","Georgia",224
2020-04-04,"Clayton","Iowa",3
2020-04-04,"Clear Creek","Colorado",6
2020-04-04,"Clearfield","Pennsylvania",7
2020-04-04,"Clearwater","Minnesota",2
2020-04-04,"Cleburne","Alabama",7
2020-04-04,"Cleburne","Arkansas",65
2020-04-04,"Clermont","Ohio",20
2020-04-04,"Cleveland","Arkansas",5
2020-04-04,"Cleveland","North Carolina",15
2020-04-04,"Cleveland","Oklahoma",169
2020-04-04,"Clinch","Georgia",2
2020-04-04,"Clinton","Illinois",10
2020-04-04,"Clinton","Indiana",3
2020-04-04,"Clinton","Iowa",15
2020-04-04,"Clinton","Kentucky",1
2020-04-04,"Clinton","Michigan",54
2020-04-04,"Clinton","Missouri",7
2020-04-04,"Clinton","New York",31
2020-04-04,"Clinton","Ohio",7
2020-04-04,"Clinton","Pennsylvania",1
2020-04-04,"Cloud","Kansas",1
2020-04-04,"Coahoma","Mississippi",27
2020-04-04,"Cobb","Georgia",428
2020-04-04,"Cochise","Arizona",7
2020-04-04,"Cocke","Tennessee",1
2020-04-04,"Coconino","Arizona",196
2020-04-04,"Codington","South Dakota",9
2020-04-04,"Coffee","Alabama",7
2020-04-04,"Coffee","Georgia",15
2020-04-04,"Coffee","Tennessee",4
2020-04-04,"Coffey","Kansas",23
2020-04-04,"Colbert","Alabama",5
2020-04-04,"Cole","Missouri",28
2020-04-04,"Colfax","Nebraska",1
2020-04-04,"Colleton","South Carolina",9
2020-04-04,"Collier","Florida",221
2020-04-04,"Collin","Texas",256
2020-04-04,"Colorado","Texas",2
2020-04-04,"Colquitt","Georgia",46
2020-04-04,"Columbia","Arkansas",1
2020-04-04,"Columbia","Florida",10
2020-04-04,"Columbia","Georgia",33
2020-04-04,"Columbia","New York",57
2020-04-04,"Columbia","Oregon",1
2020-04-04,"Columbia","Pennsylvania",20
2020-04-04,"Columbia","Washington",1
2020-04-04,"Columbia","Wisconsin",18
2020-04-04,"Columbiana","Ohio",36
2020-04-04,"Columbus","North Carolina",6
2020-04-04,"Colusa","California",2
2020-04-04,"Comal","Texas",21
2020-04-04,"Comanche","Oklahoma",37
2020-04-04,"Comanche","Texas",2
2020-04-04,"Concordia","Louisiana",5
2020-04-04,"Conecuh","Alabama",2
2020-04-04,"Contra Costa","California",307
2020-04-04,"Converse","Wyoming",3
2020-04-04,"Conway","Arkansas",1
2020-04-04,"Cook","Georgia",1
2020-04-04,"Cook","Illinois",7439
2020-04-04,"Cooper","Missouri",2
2020-04-04,"Coos","New Hampshire",1
2020-04-04,"Coosa","Alabama",6
2020-04-04,"Copiah","Mississippi",12
2020-04-04,"Cortland","New York",14
2020-04-04,"Coryell","Texas",4
2020-04-04,"Coshocton","Ohio",8
2020-04-04,"Costilla","Colorado",3
2020-04-04,"Cotton","Oklahoma",4
2020-04-04,"Cottonwood","Minnesota",5
2020-04-04,"Covington","Alabama",4
2020-04-04,"Covington","Mississippi",4
2020-04-04,"Covington","Virginia",1
2020-04-04,"Coweta","Georgia",58
2020-04-04,"Cowley","Kansas",1
2020-04-04,"Cowlitz","Washington",18
2020-04-04,"Craig","Oklahoma",3
2020-04-04,"Craighead","Arkansas",16
2020-04-04,"Crane","Texas",2
2020-04-04,"Craven","North Carolina",14
2020-04-04,"Crawford","Arkansas",1
2020-04-04,"Crawford","Illinois",2
2020-04-04,"Crawford","Indiana",5
2020-04-04,"Crawford","Iowa",4
2020-04-04,"Crawford","Kansas",4
2020-04-04,"Crawford","Michigan",1
2020-04-04,"Crawford","Missouri",2
2020-04-04,"Crawford","Ohio",7
2020-04-04,"Crawford","Pennsylvania",5
2020-04-04,"Crawford","Wisconsin",1
2020-04-04,"Creek","Oklahoma",43
2020-04-04,"Crenshaw","Alabama",2
2020-04-04,"Crisp","Georgia",25
2020-04-04,"Crittenden","Arkansas",43
2020-04-04,"Crittenden","Kentucky",1
2020-04-04,"Crook","Oregon",1
2020-04-04,"Cross","Arkansas",5
2020-04-04,"Crow Wing","Minnesota",5
2020-04-04,"Crowley","Colorado",1
2020-04-04,"Cullman","Alabama",15
2020-04-04,"Culpeper","Virginia",8
2020-04-04,"Cumberland","Illinois",1
2020-04-04,"Cumberland","Kentucky",1
2020-04-04,"Cumberland","Maine",231
2020-04-04,"Cumberland","New Jersey",40
2020-04-04,"Cumberland","North Carolina",42
2020-04-04,"Cumberland","Pennsylvania",54
2020-04-04,"Cumberland","Tennessee",23
2020-04-04,"Cumberland","Virginia",2
2020-04-04,"Cuming","Nebraska",1
2020-04-04,"Currituck","North Carolina",2
2020-04-04,"Curry","New Mexico",6
2020-04-04,"Custer","Colorado",2
2020-04-04,"Custer","Idaho",2
2020-04-04,"Custer","Oklahoma",5
2020-04-04,"Cuyahoga","Ohio",781
2020-04-04,"Dade","Georgia",1
2020-04-04,"Dakota","Minnesota",56
2020-04-04,"Dale","Alabama",2
2020-04-04,"Dallas","Alabama",7
2020-04-04,"Dallas","Iowa",33
2020-04-04,"Dallas","Texas",1105
2020-04-04,"Dane","Wisconsin",269
2020-04-04,"Danville","Virginia",12
2020-04-04,"Dare","North Carolina",5
2020-04-04,"Darke","Ohio",28
2020-04-04,"Darlington","South Carolina",19
2020-04-04,"Dauphin","Pennsylvania",99
2020-04-04,"Davidson","North Carolina",53
2020-04-04,"Davidson","Tennessee",741
2020-04-04,"Davie","North Carolina",14
2020-04-04,"Daviess","Kentucky",55
2020-04-04,"Davis","Utah",137
2020-04-04,"Davison","South Dakota",3
2020-04-04,"Dawson","Georgia",13
2020-04-04,"Dawson","Nebraska",1
2020-04-04,"Dawson","Texas",5
2020-04-04,"De Soto","Louisiana",71
2020-04-04,"De Witt","Illinois",1
2020-04-04,"DeKalb","Alabama",13
2020-04-04,"DeKalb","Georgia",500
2020-04-04,"DeKalb","Illinois",19
2020-04-04,"DeKalb","Indiana",3
2020-04-04,"DeKalb","Missouri",1
2020-04-04,"DeKalb","Tennessee",5
2020-04-04,"DeSoto","Florida",11
2020-04-04,"DeSoto","Mississippi",118
2020-04-04,"DeWitt","Texas",6
2020-04-04,"Deaf Smith","Texas",3
2020-04-04,"Dearborn","Indiana",30
2020-04-04,"Decatur","Georgia",16
2020-04-04,"Decatur","Indiana",79
2020-04-04,"Deer Lodge","Montana",3
2020-04-04,"Defiance","Ohio",7
2020-04-04,"Del Norte","California",2
2020-04-04,"Delaware","Indiana",33
2020-04-04,"Delaware","New York",26
2020-04-04,"Delaware","Ohio",69
2020-04-04,"Delaware","Oklahoma",11
2020-04-04,"Delaware","Pennsylvania",616
2020-04-04,"Delta","Colorado",4
2020-04-04,"Delta","Michigan",5
2020-04-04,"Denton","Texas",273
2020-04-04,"Denver","Colorado",716
2020-04-04,"Des Moines","Iowa",1
2020-04-04,"Deschutes","Oregon",36
2020-04-04,"Desha","Arkansas",2
2020-04-04,"Deuel","South Dakota",1
2020-04-04,"Dickinson","Iowa",1
2020-04-04,"Dickinson","Michigan",1
2020-04-04,"Dickson","Tennessee",22
2020-04-04,"Dillon","South Carolina",1
2020-04-04,"District of Columbia","District of Columbia",902
2020-04-04,"Divide","North Dakota",1
2020-04-04,"Dixie","Florida",1
2020-04-04,"Dodge","Georgia",5
2020-04-04,"Dodge","Minnesota",10
2020-04-04,"Dodge","Nebraska",6
2020-04-04,"Dodge","Wisconsin",14
2020-04-04,"Dona Ana","New Mexico",22
2020-04-04,"Doniphan","Kansas",1
2020-04-04,"Donley","Texas",5
2020-04-04,"Dooly","Georgia",15
2020-04-04,"Door","Wisconsin",2
2020-04-04,"Dorchester","Maryland",1
2020-04-04,"Dorchester","South Carolina",45
2020-04-04,"Dougherty","Georgia",636
2020-04-04,"Douglas","Colorado",194
2020-04-04,"Douglas","Georgia",80
2020-04-04,"Douglas","Illinois",9
2020-04-04,"Douglas","Kansas",32
2020-04-04,"Douglas","Minnesota",1
2020-04-04,"Douglas","Nebraska",131
2020-04-04,"Douglas","Nevada",7
2020-04-04,"Douglas","Oregon",9
2020-04-04,"Douglas","Washington",9
2020-04-04,"Douglas","Wisconsin",7
2020-04-04,"Drew","Arkansas",1
2020-04-04,"DuPage","Illinois",590
2020-04-04,"Dubois","Indiana",4
2020-04-04,"Dubuque","Iowa",24
2020-04-04,"Duchesne","Utah",1
2020-04-04,"Dukes and Nantucket","Massachusetts",16
2020-04-04,"Dunklin","Missouri",7
2020-04-04,"Dunn","North Dakota",1
2020-04-04,"Dunn","Wisconsin",5
2020-04-04,"Duplin","North Carolina",5
2020-04-04,"Durham","North Carolina",182
2020-04-04,"Dutchess","New York",938
2020-04-04,"Duval","Florida",387
2020-04-04,"Dyer","Tennessee",7
2020-04-04,"Eagle","Colorado",333
2020-04-04,"Early","Georgia",62
2020-04-04,"East Baton Rouge","Louisiana",621
2020-04-04,"East Carroll","Louisiana",1
2020-04-04,"East Feliciana","Louisiana",22
2020-04-04,"Eastland","Texas",3
2020-04-04,"Eaton","Michigan",53
2020-04-04,"Eau Claire","Wisconsin",16
2020-04-04,"Ector","Texas",22
2020-04-04,"Eddy","New Mexico",4
2020-04-04,"Eddy","North Dakota",1
2020-04-04,"Edgecombe","North Carolina",5
2020-04-04,"Edgefield","South Carolina",5
2020-04-04,"Edmonson","Kentucky",5
2020-04-04,"Effingham","Georgia",7
2020-04-04,"Effingham","Illinois",1
2020-04-04,"El Dorado","California",22
2020-04-04,"El Paso","Colorado",374
2020-04-04,"El Paso","Texas",103
2020-04-04,"Elbert","Colorado",6
2020-04-04,"Elbert","Georgia",1
2020-04-04,"Elkhart","Indiana",31
2020-04-04,"Elko","Nevada",8
2020-04-04,"Ellis","Texas",29
2020-04-04,"Elmore","Alabama",19
2020-04-04,"Elmore","Idaho",10
2020-04-04,"Emanuel","Georgia",1
2020-04-04,"Emery","Utah",1
2020-04-04,"Emmet","Michigan",7
2020-04-04,"Emporia","Virginia",2
2020-04-04,"Erath","Texas",9
2020-04-04,"Erie","New York",808
2020-04-04,"Erie","Ohio",6
2020-04-04,"Erie","Pennsylvania",19
2020-04-04,"Escambia","Alabama",2
2020-04-04,"Escambia","Florida",118
2020-04-04,"Essex","Massachusetts",1400
2020-04-04,"Essex","New Jersey",3584
2020-04-04,"Essex","New York",7
2020-04-04,"Etowah","Alabama",26
2020-04-04,"Evangeline","Louisiana",19
2020-04-04,"Fairbanks North Star","Alaska",46
2020-04-04,"Fairfax","Virginia",387
2020-04-04,"Fairfield","Connecticut",2824
2020-04-04,"Fairfield","Ohio",36
2020-04-04,"Fairfield","South Carolina",12
2020-04-04,"Fall River","South Dakota",1
2020-04-04,"Falls","Texas",1
2020-04-04,"Fannin","Georgia",8
2020-04-04,"Fannin","Texas",2
2020-04-04,"Faribault","Minnesota",3
2020-04-04,"Faulk","South Dakota",1
2020-04-04,"Faulkner","Arkansas",40
2020-04-04,"Fauquier","Virginia",10
2020-04-04,"Fayette","Alabama",1
2020-04-04,"Fayette","Georgia",62
2020-04-04,"Fayette","Illinois",2
2020-04-04,"Fayette","Indiana",14
2020-04-04,"Fayette","Iowa",3
2020-04-04,"Fayette","Kentucky",120
2020-04-04,"Fayette","Ohio",2
2020-04-04,"Fayette","Pennsylvania",23
2020-04-04,"Fayette","Tennessee",18
2020-04-04,"Fayette","Texas",10
2020-04-04,"Fentress","Tennessee",1
2020-04-04,"Ferry","Washington",1
2020-04-04,"Fillmore","Minnesota",9
2020-04-04,"Finney","Kansas",9
2020-04-04,"Flagler","Florida",29
2020-04-04,"Flathead","Montana",20
2020-04-04,"Florence","South Carolina",35
2020-04-04,"Floyd","Georgia",79
2020-04-04,"Floyd","Indiana",41
2020-04-04,"Fluvanna","Virginia",5
2020-04-04,"Fond du Lac","Wisconsin",30
2020-04-04,"Ford","Illinois",1
2020-04-04,"Ford","Kansas",1
2020-04-04,"Forest","Pennsylvania",2
2020-04-04,"Forrest","Mississippi",34
2020-04-04,"Forsyth","Georgia",63
2020-04-04,"Forsyth","North Carolina",88
2020-04-04,"Fort Bend","Texas",255
2020-04-04,"Foster","North Dakota",1
2020-04-04,"Fountain","Indiana",2
2020-04-04,"Franklin","Alabama",6
2020-04-04,"Franklin","Florida",1
2020-04-04,"Franklin","Georgia",5
2020-04-04,"Franklin","Illinois",1
2020-04-04,"Franklin","Indiana",50
2020-04-04,"Franklin","Kansas",9
2020-04-04,"Franklin","Kentucky",7
2020-04-04,"Franklin","Louisiana",19
2020-04-04,"Franklin","Maine",4
2020-04-04,"Franklin","Massachusetts",95
2020-04-04,"Franklin","Mississippi",4
2020-04-04,"Franklin","Missouri",24
2020-04-04,"Franklin","New York",10
2020-04-04,"Franklin","North Carolina",14
2020-04-04,"Franklin","Ohio",557
2020-04-04,"Franklin","Pennsylvania",27
2020-04-04,"Franklin","Tennessee",12
2020-04-04,"Franklin","Texas",1
2020-04-04,"Franklin","Vermont",23
2020-04-04,"Franklin","Virginia",14
2020-04-04,"Franklin","Washington",46
2020-04-04,"Frederick","Maryland",73
2020-04-04,"Frederick","Virginia",24
2020-04-04,"Fredericksburg","Virginia",7
2020-04-04,"Freeborn","Minnesota",10
2020-04-04,"Fremont","Colorado",2
2020-04-04,"Fremont","Idaho",1
2020-04-04,"Fremont","Wyoming",36
2020-04-04,"Fresno","California",100
2020-04-04,"Fulton","Georgia",941
2020-04-04,"Fulton","Indiana",2
2020-04-04,"Fulton","New York",9
2020-04-04,"Fulton","Ohio",5
2020-04-04,"Gadsden","Florida",4
2020-04-04,"Gage","Nebraska",2
2020-04-04,"Gaines","Texas",1
2020-04-04,"Galax","Virginia",1
2020-04-04,"Gallatin","Montana",101
2020-04-04,"Gallia","Ohio",4
2020-04-04,"Galveston","Texas",136
2020-04-04,"Garfield","Colorado",45
2020-04-04,"Garfield","Oklahoma",5
2020-04-04,"Garfield","Utah",1
2020-04-04,"Garland","Arkansas",40
2020-04-04,"Garrett","Maryland",3
2020-04-04,"Garvin","Oklahoma",11
2020-04-04,"Gasconade","Missouri",2
2020-04-04,"Gaston","North Carolina",43
2020-04-04,"Gates","North Carolina",1
2020-04-04,"Geauga","Ohio",38
2020-04-04,"Gem","Idaho",7
2020-04-04,"Genesee","Michigan",464
2020-04-04,"Genesee","New York",20
2020-04-04,"George","Mississippi",4
2020-04-04,"Georgetown","South Carolina",17
2020-04-04,"Gibson","Indiana",4
2020-04-04,"Gibson","Tennessee",8
2020-04-04,"Gila","Arizona",3
2020-04-04,"Giles","Tennessee",3
2020-04-04,"Gillespie","Texas",2
2020-04-04,"Gilmer","Georgia",1
2020-04-04,"Glacier","Montana",1
2020-04-04,"Glades","Florida",4
2020-04-04,"Gladwin","Michigan",3
2020-04-04,"Glenn","California",2
2020-04-04,"Gloucester","New Jersey",215
2020-04-04,"Gloucester","Virginia",9
2020-04-04,"Glynn","Georgia",27
2020-04-04,"Gogebic","Michigan",3
2020-04-04,"Goliad","Texas",1
2020-04-04,"Gonzales","Texas",1
2020-04-04,"Goochland","Virginia",10
2020-04-04,"Goodhue","Minnesota",8
2020-04-04,"Gooding","Idaho",1
2020-04-04,"Gordon","Georgia",21
2020-04-04,"Goshen","Wyoming",2
2020-04-04,"Gosper","Nebraska",1
2020-04-04,"Gove","Kansas",1
2020-04-04,"Grady","Georgia",3
2020-04-04,"Grady","Oklahoma",6
2020-04-04,"Grafton","New Hampshire",38
2020-04-04,"Graham","Arizona",3
2020-04-04,"Grainger","Tennessee",3
2020-04-04,"Grand","Colorado",4
2020-04-04,"Grand","Utah",1
2020-04-04,"Grand Forks","North Dakota",10
2020-04-04,"Grand Traverse","Michigan",12
2020-04-04,"Grant","Arkansas",3
2020-04-04,"Grant","Indiana",15
2020-04-04,"Grant","Kentucky",2
2020-04-04,"Grant","Louisiana",9
2020-04-04,"Grant","New Mexico",1
2020-04-04,"Grant","North Dakota",1
2020-04-04,"Grant","Oklahoma",1
2020-04-04,"Grant","Oregon",1
2020-04-04,"Grant","Washington",77
2020-04-04,"Grant","Wisconsin",2
2020-04-04,"Granville","North Carolina",24
2020-04-04,"Gratiot","Michigan",4
2020-04-04,"Graves","Kentucky",2
2020-04-04,"Gray","Texas",5
2020-04-04,"Grays Harbor","Washington",3
2020-04-04,"Grayson","Kentucky",2
2020-04-04,"Grayson","Texas",12
2020-04-04,"Green","Wisconsin",8
2020-04-04,"Greenbrier","West Virginia",3
2020-04-04,"Greene","Alabama",5
2020-04-04,"Greene","Arkansas",1
2020-04-04,"Greene","Georgia",12
2020-04-04,"Greene","Indiana",9
2020-04-04,"Greene","Missouri",64
2020-04-04,"Greene","New York",24
2020-04-04,"Greene","North Carolina",5
2020-04-04,"Greene","Ohio",11
2020-04-04,"Greene","Pennsylvania",12
2020-04-04,"Greene","Tennessee",16
2020-04-04,"Greene","Virginia",2
2020-04-04,"Greenlee","Arizona",1
2020-04-04,"Greensville","Virginia",4
2020-04-04,"Greenup","Kentucky",1
2020-04-04,"Greenville","South Carolina",183
2020-04-04,"Greenwood","Kansas",1
2020-04-04,"Greenwood","South Carolina",10
2020-04-04,"Greer","Oklahoma",6
2020-04-04,"Gregg","Texas",16
2020-04-04,"Grenada","Mississippi",4
2020-04-04,"Grimes","Texas",3
2020-04-04,"Grundy","Illinois",9
2020-04-04,"Grundy","Iowa",1
2020-04-04,"Grundy","Tennessee",12
2020-04-04,"Guadalupe","Texas",26
2020-04-04,"Guernsey","Ohio",1
2020-04-04,"Guilford","North Carolina",94
2020-04-04,"Gulf","Florida",1
2020-04-04,"Gunnison","Colorado",88
2020-04-04,"Guthrie","Iowa",1
2020-04-04,"Gwinnett","Georgia",364
2020-04-04,"Habersham","Georgia",2
2020-04-04,"Hale","Alabama",3
2020-04-04,"Hale","Texas",6
2020-04-04,"Halifax","North Carolina",10
2020-04-04,"Halifax","Virginia",1
2020-04-04,"Hall","Georgia",84
2020-04-04,"Hall","Nebraska",40
2020-04-04,"Hamblen","Tennessee",4
2020-04-04,"Hamilton","Indiana",265
2020-04-04,"Hamilton","Nebraska",4
2020-04-04,"Hamilton","New York",2
2020-04-04,"Hamilton","Ohio",288
2020-04-04,"Hamilton","Tennessee",71
2020-04-04,"Hamlin","South Dakota",1
2020-04-04,"Hampden","Massachusetts",733
2020-04-04,"Hampshire","Massachusetts",125
2020-04-04,"Hampton","South Carolina",1
2020-04-04,"Hampton","Virginia",39
2020-04-04,"Hancock","Indiana",57
2020-04-04,"Hancock","Iowa",3
2020-04-04,"Hancock","Kentucky",1
2020-04-04,"Hancock","Maine",2
2020-04-04,"Hancock","Mississippi",30
2020-04-04,"Hancock","Ohio",9
2020-04-04,"Hancock","West Virginia",6
2020-04-04,"Hanover","Virginia",12
2020-04-04,"Haralson","Georgia",10
2020-04-04,"Hardee","Florida",1
2020-04-04,"Hardeman","Tennessee",6
2020-04-04,"Hardin","Iowa",1
2020-04-04,"Hardin","Kentucky",9
2020-04-04,"Hardin","Ohio",1
2020-04-04,"Hardin","Tennessee",2
2020-04-04,"Hardin","Texas",15
2020-04-04,"Hardy","West Virginia",2
2020-04-04,"Harford","Maryland",44
2020-04-04,"Harnett","North Carolina",24
2020-04-04,"Harris","Georgia",6
2020-04-04,"Harris","Texas",1284
2020-04-04,"Harrison","Indiana",28
2020-04-04,"Harrison","Iowa",10
2020-04-04,"Harrison","Kentucky",11
2020-04-04,"Harrison","Mississippi",70
2020-04-04,"Harrison","Missouri",2
2020-04-04,"Harrison","Texas",5
2020-04-04,"Harrison","West Virginia",19
2020-04-04,"Harrisonburg","Virginia",22
2020-04-04,"Hart","Georgia",3
2020-04-04,"Hartford","Connecticut",726
2020-04-04,"Harvey","Kansas",2
2020-04-04,"Hawaii","Hawaii",22
2020-04-04,"Hawkins","Tennessee",9
2020-04-04,"Hays","Texas",50
2020-04-04,"Haywood","North Carolina",2
2020-04-04,"Haywood","Tennessee",2
2020-04-04,"Heard","Georgia",2
2020-04-04,"Hemphill","Texas",1
2020-04-04,"Hempstead","Arkansas",1
2020-04-04,"Henderson","Kentucky",6
2020-04-04,"Henderson","North Carolina",25
2020-04-04,"Henderson","Texas",1
2020-04-04,"Hendricks","Indiana",163
2020-04-04,"Hendry","Florida",6
2020-04-04,"Hennepin","Minnesota",252
2020-04-04,"Henrico","Virginia",174
2020-04-04,"Henry","Alabama",2
2020-04-04,"Henry","Georgia",150
2020-04-04,"Henry","Illinois",7
2020-04-04,"Henry","Indiana",8
2020-04-04,"Henry","Iowa",6
2020-04-04,"Henry","Kentucky",2
2020-04-04,"Henry","Missouri",1
2020-04-04,"Henry","Tennessee",4
2020-04-04,"Henry","Virginia",3
2020-04-04,"Herkimer","New York",18
2020-04-04,"Hernando","Florida",40
2020-04-04,"Hertford","North Carolina",4
2020-04-04,"Hickman","Tennessee",1
2020-04-04,"Hidalgo","Texas",86
2020-04-04,"Highland","Ohio",4
2020-04-04,"Highlands","Florida",30
2020-04-04,"Hill","Montana",1
2020-04-04,"Hill","Texas",5
2020-04-04,"Hillsborough","Florida",497
2020-04-04,"Hillsborough","New Hampshire",194
2020-04-04,"Hillsdale","Michigan",37
2020-04-04,"Hinds","Mississippi",140
2020-04-04,"Hinsdale","Colorado",1
2020-04-04,"Hockley","Texas",7
2020-04-04,"Hoke","North Carolina",10
2020-04-04,"Holmes","Florida",1
2020-04-04,"Holmes","Mississippi",17
2020-04-04,"Holmes","Ohio",1
2020-04-04,"Honolulu","Hawaii",266
2020-04-04,"Hood","Texas",9
2020-04-04,"Hood River","Oregon",3
2020-04-04,"Hopewell","Virginia",9
2020-04-04,"Hopkins","Kentucky",33
2020-04-04,"Hopkins","Texas",3
2020-04-04,"Horry","South Carolina",63
2020-04-04,"Hot Spring","Arkansas",5
2020-04-04,"Houghton","Michigan",2
2020-04-04,"Houston","Alabama",14
2020-04-04,"Houston","Georgia",58
2020-04-04,"Houston","Tennessee",2
2020-04-04,"Howard","Arkansas",1
2020-04-04,"Howard","Indiana",27
2020-04-04,"Howard","Iowa",1
2020-04-04,"Howard","Maryland",180
2020-04-04,"Howell","Missouri",1
2020-04-04,"Hudson","New Jersey",3491
2020-04-04,"Huerfano","Colorado",1
2020-04-04,"Hughes","South Dakota",3
2020-04-04,"Humboldt","California",44
2020-04-04,"Humboldt","Nevada",9
2020-04-04,"Humphreys","Mississippi",4
2020-04-04,"Humphreys","Tennessee",3
2020-04-04,"Hunt","Texas",8
2020-04-04,"Hunterdon","New Jersey",171
2020-04-04,"Huntingdon","Pennsylvania",4
2020-04-04,"Huntington","Indiana",5
2020-04-04,"Huron","Michigan",4
2020-04-04,"Huron","Ohio",6
2020-04-04,"Hutchinson","South Dakota",2
2020-04-04,"Hutchinson","Texas",2
2020-04-04,"Iberia","Louisiana",68
2020-04-04,"Iberville","Louisiana",119
2020-04-04,"Idaho","Idaho",2
2020-04-04,"Imperial","California",55
2020-04-04,"Independence","Arkansas",3
2020-04-04,"Indian River","Florida",50
2020-04-04,"Indiana","Pennsylvania",9
2020-04-04,"Ingham","Michigan",168
2020-04-04,"Inyo","California",10
2020-04-04,"Ionia","Michigan",6
2020-04-04,"Iosco","Michigan",2
2020-04-04,"Iowa","Iowa",6
2020-04-04,"Iowa","Wisconsin",3
2020-04-04,"Iredell","North Carolina",42
2020-04-04,"Iron","Utah",12
2020-04-04,"Iron","Wisconsin",1
2020-04-04,"Iroquois","Illinois",4
2020-04-04,"Irwin","Georgia",6
2020-04-04,"Isabella","Michigan",10
2020-04-04,"Isanti","Minnesota",3
2020-04-04,"Island","Washington",122
2020-04-04,"Isle of Wight","Virginia",18
2020-04-04,"Itasca","Minnesota",2
2020-04-04,"Itawamba","Mississippi",3
2020-04-04,"Jackson","Alabama",12
2020-04-04,"Jackson","Florida",4
2020-04-04,"Jackson","Georgia",13
2020-04-04,"Jackson","Illinois",10
2020-04-04,"Jackson","Indiana",28
2020-04-04,"Jackson","Iowa",3
2020-04-04,"Jackson","Kansas",1
2020-04-04,"Jackson","Louisiana",1
2020-04-04,"Jackson","Michigan",81
2020-04-04,"Jackson","Minnesota",1
2020-04-04,"Jackson","Mississippi",79
2020-04-04,"Jackson","Missouri",307
2020-04-04,"Jackson","North Carolina",2
2020-04-04,"Jackson","Oklahoma",4
2020-04-04,"Jackson","Oregon",27
2020-04-04,"Jackson","Tennessee",3
2020-04-04,"Jackson","Texas",3
2020-04-04,"Jackson","West Virginia",13
2020-04-04,"Jackson","Wisconsin",2
2020-04-04,"James City","Virginia",111
2020-04-04,"Jasper","Georgia",2
2020-04-04,"Jasper","Illinois",2
2020-04-04,"Jasper","Indiana",15
2020-04-04,"Jasper","Iowa",8
2020-04-04,"Jasper","Mississippi",3
2020-04-04,"Jasper","Missouri",11
2020-04-04,"Jasper","South Carolina",9
2020-04-04,"Jasper","Texas",3
2020-04-04,"Jay","Indiana",2
2020-04-04,"Jefferson","Alabama",373
2020-04-04,"Jefferson","Arkansas",53
2020-04-04,"Jefferson","Colorado",440
2020-04-04,"Jefferson","Florida",1
2020-04-04,"Jefferson","Georgia",2
2020-04-04,"Jefferson","Idaho",3
2020-04-04,"Jefferson","Indiana",5
2020-04-04,"Jefferson","Iowa",3
2020-04-04,"Jefferson","Kansas",2
2020-04-04,"Jefferson","Kentucky",299
2020-04-04,"Jefferson","Louisiana",3008
2020-04-04,"Jefferson","Mississippi",2
2020-04-04,"Jefferson","Missouri",69
2020-04-04,"Jefferson","Montana",2
2020-04-04,"Jefferson","New York",20
2020-04-04,"Jefferson","Ohio",14
2020-04-04,"Jefferson","Tennessee",6
2020-04-04,"Jefferson","Texas",29
2020-04-04,"Jefferson","Washington",19
2020-04-04,"Jefferson","West Virginia",17
2020-04-04,"Jefferson","Wisconsin",13
2020-04-04,"Jefferson Davis","Louisiana",9
2020-04-04,"Jenkins","Georgia",2
2020-04-04,"Jennings","Indiana",35
2020-04-04,"Jerome","Idaho",11
2020-04-04,"Jersey","Illinois",1
2020-04-04,"Jessamine","Kentucky",15
2020-04-04,"Jewell","Kansas",1
2020-04-04,"Jim Wells","Texas",2
2020-04-04,"Jo Daviess","Illinois",4
2020-04-04,"Johnson","Arkansas",7
2020-04-04,"Johnson","Georgia",1
2020-04-04,"Johnson","Indiana",153
2020-04-04,"Johnson","Iowa",96
2020-04-04,"Johnson","Kansas",185
2020-04-04,"Johnson","Kentucky",1
2020-04-04,"Johnson","Missouri",29
2020-04-04,"Johnson","Tennessee",2
2020-04-04,"Johnson","Texas",21
2020-04-04,"Johnson","Wyoming",8
2020-04-04,"Johnston","North Carolina",32
2020-04-04,"Jones","Georgia",6
2020-04-04,"Jones","Iowa",5
2020-04-04,"Jones","Mississippi",9
2020-04-04,"Josephine","Oregon",12
2020-04-04,"Juneau","Alaska",12
2020-04-04,"Juneau","Wisconsin",4
2020-04-04,"Juniata","Pennsylvania",7
2020-04-04,"Kalamazoo","Michigan",45
2020-04-04,"Kalkaska","Michigan",8
2020-04-04,"Kanawha","West Virginia",48
2020-04-04,"Kandiyohi","Minnesota",2
2020-04-04,"Kane","Illinois",207
2020-04-04,"Kane","Utah",1
2020-04-04,"Kankakee","Illinois",68
2020-04-04,"Karnes","Texas",2
2020-04-04,"Kauai","Hawaii",15
2020-04-04,"Kaufman","Texas",10
2020-04-04,"Kay","Oklahoma",29
2020-04-04,"Kearney","Nebraska",1
2020-04-04,"Kemper","Mississippi",4
2020-04-04,"Kenai Peninsula","Alaska",11
2020-04-04,"Kendall","Illinois",47
2020-04-04,"Kendall","Texas",9
2020-04-04,"Kennebec","Maine",21
2020-04-04,"Kenosha","Wisconsin",81
2020-04-04,"Kent","Delaware",68
2020-04-04,"Kent","Maryland",5
2020-04-04,"Kent","Michigan",153
2020-04-04,"Kent","Rhode Island",59
2020-04-04,"Kenton","Kentucky",33
2020-04-04,"Keokuk","Iowa",2
2020-04-04,"Kern","California",210
2020-04-04,"Kerr","Texas",2
2020-04-04,"Kershaw","South Carolina",141
2020-04-04,"Ketchikan Gateway","Alaska",14
2020-04-04,"Kimball","Nebraska",5
2020-04-04,"King","Washington",2898
2020-04-04,"King George","Virginia",8
2020-04-04,"King William","Virginia",1
2020-04-04,"King and Queen","Virginia",1
2020-04-04,"Kingfisher","Oklahoma",3
2020-04-04,"Kings","California",5
2020-04-04,"Kiowa","Oklahoma",1
2020-04-04,"Kit Carson","Colorado",4
2020-04-04,"Kitsap","Washington",99
2020-04-04,"Kittitas","Washington",10
2020-04-04,"Klamath","Oregon",13
2020-04-04,"Kleberg","Texas",2
2020-04-04,"Klickitat","Washington",9
2020-04-04,"Knox","Illinois",1
2020-04-04,"Knox","Indiana",5
2020-04-04,"Knox","Maine",9
2020-04-04,"Knox","Nebraska",2
2020-04-04,"Knox","Ohio",6
2020-04-04,"Knox","Tennessee",99
2020-04-04,"Koochiching","Minnesota",1
2020-04-04,"Kootenai","Idaho",37
2020-04-04,"Kosciusko","Indiana",11
2020-04-04,"Kossuth","Iowa",1
2020-04-04,"La Crosse","Wisconsin",19
2020-04-04,"La Paz","Arizona",2
2020-04-04,"La Plata","Colorado",25
2020-04-04,"LaGrange","Indiana",4
2020-04-04,"LaPorte","Indiana",19
2020-04-04,"LaSalle","Illinois",7
2020-04-04,"LaSalle","Louisiana",4
2020-04-04,"Labette","Kansas",4
2020-04-04,"Lac qui Parle","Minnesota",1
2020-04-04,"Lackawanna","Pennsylvania",146
2020-04-04,"Lafayette","Arkansas",1
2020-04-04,"Lafayette","Louisiana",229
2020-04-04,"Lafayette","Mississippi",21
2020-04-04,"Lafayette","Missouri",26
2020-04-04,"Lafourche","Louisiana",217
2020-04-04,"Lake","Colorado",3
2020-04-04,"Lake","Florida",95
2020-04-04,"Lake","Illinois",683
2020-04-04,"Lake","Indiana",313
2020-04-04,"Lake","Montana",4
2020-04-04,"Lake","Ohio",76
2020-04-04,"Lake","South Dakota",1
2020-04-04,"Lamar","Alabama",2
2020-04-04,"Lamar","Georgia",6
2020-04-04,"Lamar","Mississippi",13
2020-04-04,"Lamar","Texas",5
2020-04-04,"Lamb","Texas",1
2020-04-04,"Lamoille","Vermont",17
2020-04-04,"Lampasas","Texas",1
2020-04-04,"Lancaster","Nebraska",18
2020-04-04,"Lancaster","Pennsylvania",291
2020-04-04,"Lancaster","South Carolina",39
2020-04-04,"Lancaster","Virginia",1
2020-04-04,"Lane","Oregon",21
2020-04-04,"Lanier","Georgia",1
2020-04-04,"Lapeer","Michigan",27
2020-04-04,"Laramie","Wyoming",42
2020-04-04,"Larimer","Colorado",134
2020-04-04,"Larue","Kentucky",3
2020-04-04,"Las Animas","Colorado",1
2020-04-04,"Latah","Idaho",1
2020-04-04,"Latimer","Oklahoma",4
2020-04-04,"Lauderdale","Alabama",16
2020-04-04,"Lauderdale","Mississippi",61
2020-04-04,"Lauderdale","Tennessee",2
2020-04-04,"Laurel","Kentucky",2
2020-04-04,"Laurens","Georgia",15
2020-04-04,"Laurens","South Carolina",6
2020-04-04,"Lavaca","Texas",2
2020-04-04,"Lawrence","Alabama",4
2020-04-04,"Lawrence","Arkansas",1
2020-04-04,"Lawrence","Indiana",36
2020-04-04,"Lawrence","Kentucky",1
2020-04-04,"Lawrence","Mississippi",4
2020-04-04,"Lawrence","Ohio",7
2020-04-04,"Lawrence","Pennsylvania",22
2020-04-04,"Lawrence","South Dakota",9
2020-04-04,"Lawrence","Tennessee",3
2020-04-04,"Le Flore","Oklahoma",1
2020-04-04,"Le Sueur","Minnesota",20
2020-04-04,"Lea","New Mexico",2
2020-04-04,"Leake","Mississippi",8
2020-04-04,"Leavenworth","Kansas",33
2020-04-04,"Lebanon","Pennsylvania",87
2020-04-04,"Lee","Alabama",102
2020-04-04,"Lee","Arkansas",1
2020-04-04,"Lee","Florida",348
2020-04-04,"Lee","Georgia",128
2020-04-04,"Lee","Illinois",2
2020-04-04,"Lee","Iowa",1
2020-04-04,"Lee","Mississippi",28
2020-04-04,"Lee","North Carolina",3
2020-04-04,"Lee","South Carolina",16
2020-04-04,"Lee","Texas",2
2020-04-04,"Lee","Virginia",2
2020-04-04,"Leelanau","Michigan",1
2020-04-04,"Leflore","Mississippi",22
2020-04-04,"Lehigh","Pennsylvania",804
2020-04-04,"Lenawee","Michigan",27
2020-04-04,"Lenoir","North Carolina",7
2020-04-04,"Leon","Florida",42
2020-04-04,"Leon","Texas",2
2020-04-04,"Levy","Florida",2
2020-04-04,"Lewis","Idaho",1
2020-04-04,"Lewis","Kentucky",2
2020-04-04,"Lewis","New York",2
2020-04-04,"Lewis","Tennessee",2
2020-04-04,"Lewis","Washington",13
2020-04-04,"Lewis and Clark","Montana",13
2020-04-04,"Lexington","South Carolina",95
2020-04-04,"Lexington","Virginia",3
2020-04-04,"Liberty","Georgia",9
2020-04-04,"Liberty","Montana",1
2020-04-04,"Liberty","Texas",5
2020-04-04,"Licking","Ohio",50
2020-04-04,"Limestone","Alabama",31
2020-04-04,"Limestone","Texas",3
2020-04-04,"Lincoln","Arkansas",6
2020-04-04,"Lincoln","Colorado",1
2020-04-04,"Lincoln","Georgia",5
2020-04-04,"Lincoln","Idaho",7
2020-04-04,"Lincoln","Louisiana",17
2020-04-04,"Lincoln","Maine",8
2020-04-04,"Lincoln","Minnesota",1
2020-04-04,"Lincoln","Mississippi",14
2020-04-04,"Lincoln","Missouri",16
2020-04-04,"Lincoln","Montana",6
2020-04-04,"Lincoln","Nebraska",15
2020-04-04,"Lincoln","North Carolina",9
2020-04-04,"Lincoln","Oklahoma",7
2020-04-04,"Lincoln","Oregon",4
2020-04-04,"Lincoln","South Dakota",21
2020-04-04,"Lincoln","Tennessee",5
2020-04-04,"Lincoln","Washington",1
2020-04-04,"Lincoln","Wyoming",1
2020-04-04,"Linn","Iowa",139
2020-04-04,"Linn","Kansas",5
2020-04-04,"Linn","Oregon",37
2020-04-04,"Litchfield","Connecticut",182
2020-04-04,"Live Oak","Texas",3
2020-04-04,"Livingston","Illinois",6
2020-04-04,"Livingston","Louisiana",64
2020-04-04,"Livingston","Michigan",129
2020-04-04,"Livingston","Missouri",1
2020-04-04,"Livingston","New York",18
2020-04-04,"Llano","Texas",3
2020-04-04,"Logan","Colorado",7
2020-04-04,"Logan","Illinois",1
2020-04-04,"Logan","Kentucky",4
2020-04-04,"Logan","Ohio",3
2020-04-04,"Logan","Oklahoma",6
2020-04-04,"Logan","West Virginia",5
2020-04-04,"Long","Georgia",1
2020-04-04,"Lonoke","Arkansas",16
2020-04-04,"Lorain","Ohio",105
2020-04-04,"Los Angeles","California",4605
2020-04-04,"Loudon","Tennessee",13
2020-04-04,"Loudoun","Virginia",150
2020-04-04,"Louisa","Iowa",1
2020-04-04,"Louisa","Virginia",13
2020-04-04,"Love","Oklahoma",2
2020-04-04,"Lowndes","Alabama",3
2020-04-04,"Lowndes","Georgia",35
2020-04-04,"Lowndes","Mississippi",13
2020-04-04,"Lubbock","Texas",138
2020-04-04,"Lucas","Ohio",272
2020-04-04,"Luce","Michigan",1
2020-04-04,"Lumpkin","Georgia",7
2020-04-04,"Luzerne","Pennsylvania",648
2020-04-04,"Lycoming","Pennsylvania",10
2020-04-04,"Lyman","South Dakota",1
2020-04-04,"Lynchburg","Virginia",10
2020-04-04,"Lynn","Texas",3
2020-04-04,"Lyon","Iowa",2
2020-04-04,"Lyon","Kansas",19
2020-04-04,"Lyon","Kentucky",4
2020-04-04,"Lyon","Minnesota",3
2020-04-04,"Lyon","Nevada",3
2020-04-04,"Mackinac","Michigan",2
2020-04-04,"Macomb","Michigan",1838
2020-04-04,"Macon","Alabama",5
2020-04-04,"Macon","Georgia",4
2020-04-04,"Macon","Illinois",5
2020-04-04,"Macon","Missouri",3
2020-04-04,"Macon","North Carolina",1
2020-04-04,"Macon","Tennessee",7
2020-04-04,"Macoupin","Illinois",4
2020-04-04,"Madera","California",28
2020-04-04,"Madison","Alabama",125
2020-04-04,"Madison","Florida",6
2020-04-04,"Madison","Georgia",7
2020-04-04,"Madison","Idaho",4
2020-04-04,"Madison","Illinois",47
2020-04-04,"Madison","Indiana",72
2020-04-04,"Madison","Iowa",1
2020-04-04,"Madison","Kentucky",11
2020-04-04,"Madison","Louisiana",1
2020-04-04,"Madison","Mississippi",67
2020-04-04,"Madison","Montana",6
2020-04-04,"Madison","Nebraska",5
2020-04-04,"Madison","New York",78
2020-04-04,"Madison","Ohio",15
2020-04-04,"Madison","Tennessee",19
2020-04-04,"Madison","Virginia",2
2020-04-04,"Mahaska","Iowa",3
2020-04-04,"Mahnomen","Minnesota",1
2020-04-04,"Mahoning","Ohio",250
2020-04-04,"Major","Oklahoma",1
2020-04-04,"Malheur","Oregon",2
2020-04-04,"Manassas","Virginia",14
2020-04-04,"Manassas Park","Virginia",2
2020-04-04,"Manatee","Florida",129
2020-04-04,"Manistee","Michigan",4
2020-04-04,"Manitowoc","Wisconsin",1
2020-04-04,"Marathon","Wisconsin",9
2020-04-04,"Marengo","Alabama",8
2020-04-04,"Maricopa","Arizona",1171
2020-04-04,"Maries","Missouri",2
2020-04-04,"Marin","California",131
2020-04-04,"Marinette","Wisconsin",2
2020-04-04,"Marion","Alabama",17
2020-04-04,"Marion","Florida",42
2020-04-04,"Marion","Georgia",2
2020-04-04,"Marion","Illinois",3
2020-04-04,"Marion","Indiana",1570
2020-04-04,"Marion","Kansas",2
2020-04-04,"Marion","Kentucky",3
2020-04-04,"Marion","Mississippi",6
2020-04-04,"Marion","Ohio",12
2020-04-04,"Marion","Oregon",178
2020-04-04,"Marion","South Carolina",2
2020-04-04,"Marion","Tennessee",16
2020-04-04,"Marion","West Virginia",13
2020-04-04,"Marlboro","South Carolina",3
2020-04-04,"Marquette","Michigan",11
2020-04-04,"Marquette","Wisconsin",2
2020-04-04,"Marshall","Alabama",17
2020-04-04,"Marshall","Illinois",1
2020-04-04,"Marshall","Indiana",4
2020-04-04,"Marshall","Iowa",10
2020-04-04,"Marshall","Kentucky",2
2020-04-04,"Marshall","Mississippi",20
2020-04-04,"Marshall","South Dakota",1
2020-04-04,"Marshall","Tennessee",4
2020-04-04,"Marshall","West Virginia",4
2020-04-04,"Martin","Florida",53
2020-04-04,"Martin","Indiana",1
2020-04-04,"Martin","Kentucky",1
2020-04-04,"Martin","Minnesota",32
2020-04-04,"Martin","North Carolina",3
2020-04-04,"Martin","Texas",1
2020-04-04,"Mason","Illinois",1
2020-04-04,"Mason","Kentucky",2
2020-04-04,"Mason","Texas",1
2020-04-04,"Mason","Washington",13
2020-04-04,"Mason","West Virginia",4
2020-04-04,"Massac","Illinois",1
2020-04-04,"Matagorda","Texas",36
2020-04-04,"Matanuska-Susitna","Alaska",4
2020-04-04,"Mathews","Virginia",2
2020-04-04,"Maui","Hawaii",38
2020-04-04,"Maury","Tennessee",21
2020-04-04,"Maverick","Texas",4
2020-04-04,"Mayes","Oklahoma",7
2020-04-04,"McClain","Oklahoma",11
2020-04-04,"McCook","South Dakota",2
2020-04-04,"McCormick","South Carolina",1
2020-04-04,"McCracken","Kentucky",10
2020-04-04,"McCreary","Kentucky",1
2020-04-04,"McCurtain","Oklahoma",1
2020-04-04,"McDonald","Missouri",2
2020-04-04,"McDowell","North Carolina",9
2020-04-04,"McDuffie","Georgia",5
2020-04-04,"McHenry","Illinois",122
2020-04-04,"McHenry","North Dakota",1
2020-04-04,"McIntosh","Georgia",2
2020-04-04,"McIntosh","North Dakota",1
2020-04-04,"McKean","Pennsylvania",1
2020-04-04,"McKenzie","North Dakota",2
2020-04-04,"McKinley","New Mexico",46
2020-04-04,"McLean","Illinois",40
2020-04-04,"McLean","Kentucky",1
2020-04-04,"McLean","North Dakota",2
2020-04-04,"McLennan","Texas",50
2020-04-04,"McLeod","Minnesota",1
2020-04-04,"McMinn","Tennessee",3
2020-04-04,"McNairy","Tennessee",3
2020-04-04,"McPherson","Kansas",8
2020-04-04,"Meade","Kentucky",2
2020-04-04,"Meade","South Dakota",1
2020-04-04,"Meagher","Montana",1
2020-04-04,"Mecklenburg","North Carolina",650
2020-04-04,"Mecklenburg","Virginia",8
2020-04-04,"Mecosta","Michigan",4
2020-04-04,"Medina","Ohio",74
2020-04-04,"Medina","Texas",3
2020-04-04,"Meeker","Minnesota",1
2020-04-04,"Meigs","Tennessee",2
2020-04-04,"Menard","Illinois",1
2020-04-04,"Mendocino","California",4
2020-04-04,"Menifee","Kentucky",3
2020-04-04,"Menominee","Wisconsin",1
2020-04-04,"Merced","California",16
2020-04-04,"Mercer","Illinois",1
2020-04-04,"Mercer","Kentucky",3
2020-04-04,"Mercer","New Jersey",586
2020-04-04,"Mercer","Ohio",6
2020-04-04,"Mercer","Pennsylvania",14
2020-04-04,"Mercer","West Virginia",3
2020-04-04,"Meriwether","Georgia",10
2020-04-04,"Merrick","Nebraska",2
2020-04-04,"Merrimack","New Hampshire",36
2020-04-04,"Mesa","Colorado",20
2020-04-04,"Miami","Indiana",8
2020-04-04,"Miami","Kansas",2
2020-04-04,"Miami","Ohio",69
2020-04-04,"Miami-Dade","Florida",3890
2020-04-04,"Middlesex","Connecticut",100
2020-04-04,"Middlesex","Massachusetts",2468
2020-04-04,"Middlesex","New Jersey",2578
2020-04-04,"Midland","Michigan",17
2020-04-04,"Midland","Texas",22
2020-04-04,"Mifflin","Pennsylvania",4
2020-04-04,"Milam","Texas",2
2020-04-04,"Miller","Arkansas",8
2020-04-04,"Miller","Georgia",10
2020-04-04,"Mills","Iowa",1
2020-04-04,"Milwaukee","Wisconsin",1023
2020-04-04,"Mineral","Colorado",2
2020-04-04,"Mineral","West Virginia",2
2020-04-04,"Minidoka","Idaho",1
2020-04-04,"Minnehaha","South Dakota",81
2020-04-04,"Missaukee","Michigan",1
2020-04-04,"Mississippi","Arkansas",1
2020-04-04,"Missoula","Montana",18
2020-04-04,"Mitchell","Georgia",52
2020-04-04,"Mitchell","Iowa",2
2020-04-04,"Mitchell","Kansas",2
2020-04-04,"Mitchell","North Carolina",2
2020-04-04,"Mobile","Alabama",114
2020-04-04,"Moffat","Colorado",3
2020-04-04,"Mohave","Arizona",12
2020-04-04,"Moniteau","Missouri",2
2020-04-04,"Monmouth","New Jersey",2065
2020-04-04,"Mono","California",19
2020-04-04,"Monona","Iowa",6
2020-04-04,"Monongalia","West Virginia",40
2020-04-04,"Monroe","Alabama",5
2020-04-04,"Monroe","Arkansas",1
2020-04-04,"Monroe","Florida",42
2020-04-04,"Monroe","Georgia",7
2020-04-04,"Monroe","Illinois",9
2020-04-04,"Monroe","Indiana",45
2020-04-04,"Monroe","Michigan",101
2020-04-04,"Monroe","Mississippi",12
2020-04-04,"Monroe","New York",512
2020-04-04,"Monroe","Pennsylvania",484
2020-04-04,"Monroe","Tennessee",6
2020-04-04,"Monroe","Wisconsin",3
2020-04-04,"Montague","Texas",1
2020-04-04,"Montcalm","Michigan",13
2020-04-04,"Monterey","California",57
2020-04-04,"Montezuma","Colorado",3
2020-04-04,"Montgomery","Alabama",62
2020-04-04,"Montgomery","Illinois",2
2020-04-04,"Montgomery","Indiana",14
2020-04-04,"Montgomery","Iowa",1
2020-04-04,"Montgomery","Kansas",6
2020-04-04,"Montgomery","Kentucky",5
2020-04-04,"Montgomery","Maryland",640
2020-04-04,"Montgomery","Mississippi",10
2020-04-04,"Montgomery","Missouri",4
2020-04-04,"Montgomery","New York",13
2020-04-04,"Montgomery","North Carolina",10
2020-04-04,"Montgomery","Ohio",69
2020-04-04,"Montgomery","Pennsylvania",982
2020-04-04,"Montgomery","Tennessee",46
2020-04-04,"Montgomery","Texas",142
2020-04-04,"Montgomery","Virginia",6
2020-04-04,"Montour","Pennsylvania",19
2020-04-04,"Montrose","Colorado",26
2020-04-04,"Moore","North Carolina",12
2020-04-04,"Moore","Texas",6
2020-04-04,"Morehouse","Louisiana",9
2020-04-04,"Morgan","Alabama",24
2020-04-04,"Morgan","Colorado",7
2020-04-04,"Morgan","Georgia",2
2020-04-04,"Morgan","Illinois",6
2020-04-04,"Morgan","Indiana",60
2020-04-04,"Morgan","Missouri",1
2020-04-04,"Morgan","Tennessee",4
2020-04-04,"Morgan","West Virginia",1
2020-04-04,"Morris","Kansas",2
2020-04-04,"Morris","New Jersey",1618
2020-04-04,"Morris","Texas",1
2020-04-04,"Morrow","Ohio",3
2020-04-04,"Morrow","Oregon",2
2020-04-04,"Morton","North Dakota",16
2020-04-04,"Moultrie","Illinois",1
2020-04-04,"Mountrail","North Dakota",13
2020-04-04,"Mower","Minnesota",17
2020-04-04,"Multnomah","Oregon",175
2020-04-04,"Murray","Georgia",9
2020-04-04,"Muscatine","Iowa",27
2020-04-04,"Muscogee","Georgia",33
2020-04-04,"Muskegon","Michigan",31
2020-04-04,"Muskingum","Ohio",4
2020-04-04,"Muskogee","Oklahoma",17
2020-04-04,"Musselshell","Montana",1
2020-04-04,"Nacogdoches","Texas",15
2020-04-04,"Napa","California",20
2020-04-04,"Nash","North Carolina",18
2020-04-04,"Nassau","Florida",21
2020-04-04,"Nassau","New York",13346
2020-04-04,"Natchitoches","Louisiana",15
2020-04-04,"Natrona","Wyoming",23
2020-04-04,"Navajo","Arizona",274
2020-04-04,"Navarro","Texas",5
2020-04-04,"Nelson","Kentucky",4
2020-04-04,"Nelson","Virginia",2
2020-04-04,"Nemaha","Nebraska",1
2020-04-04,"Neosho","Kansas",1
2020-04-04,"Neshoba","Mississippi",6
2020-04-04,"Nevada","Arkansas",1
2020-04-04,"Nevada","California",31
2020-04-04,"New Castle","Delaware",400
2020-04-04,"New Hanover","North Carolina",42
2020-04-04,"New Haven","Connecticut",1024
2020-04-04,"New Kent","Virginia",8
2020-04-04,"New London","Connecticut",57
2020-04-04,"New Madrid","Missouri",1
2020-04-04,"New York","New York",63306
2020-04-04,"Newaygo","Michigan",2
2020-04-04,"Newberry","South Carolina",8
2020-04-04,"Newport","Rhode Island",33
2020-04-04,"Newport News","Virginia",48
2020-04-04,"Newton","Arkansas",1
2020-04-04,"Newton","Georgia",43
2020-04-04,"Newton","Indiana",1
2020-04-04,"Newton","Mississippi",6
2020-04-04,"Newton","Missouri",6
2020-04-04,"Newton","Texas",1
2020-04-04,"Nez Perce","Idaho",13
2020-04-04,"Niagara","New York",101
2020-04-04,"Nicholas","Kentucky",1
2020-04-04,"Nicollet","Minnesota",4
2020-04-04,"Noble","Indiana",9
2020-04-04,"Noble","Oklahoma",5
2020-04-04,"Nodaway","Missouri",1
2020-04-04,"Norfolk","Massachusetts",1199
2020-04-04,"Norfolk","Virginia",55
2020-04-04,"Northampton","North Carolina",38
2020-04-04,"Northampton","Pennsylvania",588
2020-04-04,"Northampton","Virginia",2
2020-04-04,"Northumberland","Pennsylvania",9
2020-04-04,"Northumberland","Virginia",3
2020-04-04,"Nottoway","Virginia",1
2020-04-04,"Nowata","Oklahoma",8
2020-04-04,"Noxubee","Mississippi",5
2020-04-04,"Nueces","Texas",47
2020-04-04,"Nye","Nevada",7
2020-04-04,"OBrien","Iowa",3
2020-04-04,"Oakland","Michigan",2785
2020-04-04,"Obion","Tennessee",2
2020-04-04,"Ocean","New Jersey",2003
2020-04-04,"Oceana","Michigan",3
2020-04-04,"Oconee","Georgia",22
2020-04-04,"Oconee","South Carolina",8
2020-04-04,"Oconto","Wisconsin",1
2020-04-04,"Ogemaw","Michigan",2
2020-04-04,"Ogle","Illinois",4
2020-04-04,"Oglethorpe","Georgia",1
2020-04-04,"Ohio","Indiana",1
2020-04-04,"Ohio","Kentucky",1
2020-04-04,"Ohio","West Virginia",11
2020-04-04,"Okaloosa","Florida",59
2020-04-04,"Okanogan","Washington",6
2020-04-04,"Okeechobee","Florida",3
2020-04-04,"Oklahoma","Oklahoma",256
2020-04-04,"Okmulgee","Oklahoma",11
2020-04-04,"Oktibbeha","Mississippi",24
2020-04-04,"Oldham","Kentucky",6
2020-04-04,"Oldham","Texas",2
2020-04-04,"Oliver","North Dakota",1
2020-04-04,"Olmsted","Minnesota",88
2020-04-04,"Oneida","New York",80
2020-04-04,"Oneida","Wisconsin",3
2020-04-04,"Onondaga","New York",349
2020-04-04,"Onslow","North Carolina",16
2020-04-04,"Ontario","New York",31
2020-04-04,"Orange","California",786
2020-04-04,"Orange","Florida",657
2020-04-04,"Orange","Indiana",5
2020-04-04,"Orange","New York",2741
2020-04-04,"Orange","North Carolina",52
2020-04-04,"Orange","Texas",7
2020-04-04,"Orange","Vermont",4
2020-04-04,"Orange","Virginia",5
2020-04-04,"Orangeburg","South Carolina",26
2020-04-04,"Orleans","Louisiana",3966
2020-04-04,"Orleans","New York",10
2020-04-04,"Orleans","Vermont",8
2020-04-04,"Osage","Kansas",3
2020-04-04,"Osage","Missouri",2
2020-04-04,"Osage","Oklahoma",25
2020-04-04,"Osborne","Kansas",2
2020-04-04,"Osceola","Florida",216
2020-04-04,"Osceola","Michigan",4
2020-04-04,"Oscoda","Michigan",2
2020-04-04,"Oswego","New York",28
2020-04-04,"Otero","Colorado",3
2020-04-04,"Otero","New Mexico",2
2020-04-04,"Otoe","Nebraska",1
2020-04-04,"Otsego","Michigan",22
2020-04-04,"Otsego","New York",26
2020-04-04,"Ottawa","Kansas",2
2020-04-04,"Ottawa","Michigan",39
2020-04-04,"Ottawa","Ohio",5
2020-04-04,"Ottawa","Oklahoma",10
2020-04-04,"Otter Tail","Minnesota",1
2020-04-04,"Ouachita","Arkansas",1
2020-04-04,"Ouachita","Louisiana",176
2020-04-04,"Outagamie","Wisconsin",19
2020-04-04,"Overton","Tennessee",2
2020-04-04,"Owen","Indiana",13
2020-04-04,"Owyhee","Idaho",2
2020-04-04,"Oxford","Maine",11
2020-04-04,"Ozaukee","Wisconsin",50
2020-04-04,"Page","Iowa",3
2020-04-04,"Page","Virginia",2
2020-04-04,"Palm Beach","Florida",954
2020-04-04,"Palo Pinto","Texas",1
2020-04-04,"Pamlico","North Carolina",3
2020-04-04,"Panola","Mississippi",10
2020-04-04,"Panola","Texas",4
2020-04-04,"Park","Colorado",5
2020-04-04,"Park","Montana",6
2020-04-04,"Park","Wyoming",1
2020-04-04,"Parke","Indiana",2
2020-04-04,"Parker","Texas",6
2020-04-04,"Pasco","Florida",90
2020-04-04,"Pasquotank","North Carolina",8
2020-04-04,"Passaic","New Jersey",2856
2020-04-04,"Paulding","Georgia",48
2020-04-04,"Pawnee","Oklahoma",16
2020-04-04,"Payette","Idaho",5
2020-04-04,"Payne","Oklahoma",20
2020-04-04,"Peach","Georgia",10
2020-04-04,"Pearl River","Mississippi",43
2020-04-04,"Pemiscot","Missouri",3
2020-04-04,"Pend Oreille","Washington",1
2020-04-04,"Pender","North Carolina",1
2020-04-04,"Pendleton","Kentucky",1
2020-04-04,"Pendleton","West Virginia",1
2020-04-04,"Pennington","South Dakota",6
2020-04-04,"Penobscot","Maine",22
2020-04-04,"Peoria","Illinois",11
2020-04-04,"Pepin","Wisconsin",7
2020-04-04,"Perquimans","North Carolina",1
2020-04-04,"Perry","Arkansas",1
2020-04-04,"Perry","Kentucky",3
2020-04-04,"Perry","Mississippi",13
2020-04-04,"Perry","Missouri",22
2020-04-04,"Perry","Ohio",3
2020-04-04,"Perry","Pennsylvania",5
2020-04-04,"Perry","Tennessee",3
2020-04-04,"Person","North Carolina",4
2020-04-04,"Petersburg","Alaska",1
2020-04-04,"Petersburg","Virginia",10
2020-04-04,"Pettis","Missouri",2
2020-04-04,"Philadelphia","Pennsylvania",3008
2020-04-04,"Phillips","Colorado",2
2020-04-04,"Piatt","Illinois",1
2020-04-04,"Pickaway","Ohio",20
2020-04-04,"Pickens","Alabama",12
2020-04-04,"Pickens","Georgia",9
2020-04-04,"Pickens","South Carolina",17
2020-04-04,"Pierce","Georgia",16
2020-04-04,"Pierce","North Dakota",2
2020-04-04,"Pierce","Washington",620
2020-04-04,"Pierce","Wisconsin",7
2020-04-04,"Pike","Alabama",10
2020-04-04,"Pike","Arkansas",1
2020-04-04,"Pike","Georgia",4
2020-04-04,"Pike","Illinois",1
2020-04-04,"Pike","Kentucky",1
2020-04-04,"Pike","Mississippi",23
2020-04-04,"Pike","Missouri",2
2020-04-04,"Pike","Ohio",1
2020-04-04,"Pike","Pennsylvania",97
2020-04-04,"Pima","Arizona",326
2020-04-04,"Pinal","Arizona",89
2020-04-04,"Pinellas","Florida",342
2020-04-04,"Pitkin","Colorado",38
2020-04-04,"Pitt","North Carolina",35
2020-04-04,"Pittsburg","Oklahoma",3
2020-04-04,"Pittsylvania","Virginia",2
2020-04-04,"Placer","California",97
2020-04-04,"Plaquemines","Louisiana",86
2020-04-04,"Platte","Missouri",14
2020-04-04,"Platte","Nebraska",4
2020-04-04,"Pleasants","West Virginia",1
2020-04-04,"Plumas","California",2
2020-04-04,"Plymouth","Iowa",3
2020-04-04,"Plymouth","Massachusetts",898
2020-04-04,"Poinsett","Arkansas",5
2020-04-04,"Pointe Coupee","Louisiana",16
2020-04-04,"Polk","Arkansas",5
2020-04-04,"Polk","Florida",142
2020-04-04,"Polk","Georgia",18
2020-04-04,"Polk","Iowa",109
2020-04-04,"Polk","Minnesota",1
2020-04-04,"Polk","North Carolina",6
2020-04-04,"Polk","Oregon",20
2020-04-04,"Polk","Tennessee",3
2020-04-04,"Polk","Texas",7
2020-04-04,"Pontotoc","Mississippi",12
2020-04-04,"Pontotoc","Oklahoma",7
2020-04-04,"Pope","Arkansas",8
2020-04-04,"Poquoson","Virginia",3
2020-04-04,"Portage","Ohio",74
2020-04-04,"Portage","Wisconsin",3
2020-04-04,"Porter","Indiana",51
2020-04-04,"Portsmouth","Virginia",26
2020-04-04,"Posey","Indiana",5
2020-04-04,"Pottawatomie","Kansas",2
2020-04-04,"Pottawatomie","Oklahoma",11
2020-04-04,"Pottawattamie","Iowa",8
2020-04-04,"Potter","Pennsylvania",3
2020-04-04,"Potter","Texas",24
2020-04-04,"Powell","Kentucky",1
2020-04-04,"Poweshiek","Iowa",6
2020-04-04,"Powhatan","Virginia",4
2020-04-04,"Prairie","Arkansas",1
2020-04-04,"Pratt","Kansas",1
2020-04-04,"Preble","Ohio",4
2020-04-04,"Prentiss","Mississippi",9
2020-04-04,"Preston","West Virginia",5
2020-04-04,"Prince Edward","Virginia",3
2020-04-04,"Prince George","Virginia",16
2020-04-04,"Prince Georges","Maryland",653
2020-04-04,"Prince William","Virginia",159
2020-04-04,"Providence","Rhode Island",418
2020-04-04,"Pueblo","Colorado",31
2020-04-04,"Pulaski","Arkansas",137
2020-04-04,"Pulaski","Georgia",7
2020-04-04,"Pulaski","Kentucky",12
2020-04-04,"Pulaski","Missouri",10
2020-04-04,"Pulaski","Virginia",1
2020-04-04,"Putnam","Florida",18
2020-04-04,"Putnam","Georgia",2
2020-04-04,"Putnam","Indiana",14
2020-04-04,"Putnam","New York",283
2020-04-04,"Putnam","Tennessee",52
2020-04-04,"Putnam","West Virginia",5
2020-04-04,"Queen Annes","Maryland",13
2020-04-04,"Quitman","Georgia",1
2020-04-04,"Quitman","Mississippi",5
2020-04-04,"Rabun","Georgia",2
2020-04-04,"Racine","Wisconsin",41
2020-04-04,"Radford","Virginia",1
2020-04-04,"Raleigh","West Virginia",4
2020-04-04,"Ralls","Missouri",1
2020-04-04,"Ramsey","Minnesota",79
2020-04-04,"Ramsey","North Dakota",3
2020-04-04,"Randall","Texas",24
2020-04-04,"Randolph","Alabama",11
2020-04-04,"Randolph","Arkansas",1
2020-04-04,"Randolph","Georgia",16
2020-04-04,"Randolph","Illinois",20
2020-04-04,"Randolph","Indiana",5
2020-04-04,"Randolph","Missouri",7
2020-04-04,"Randolph","North Carolina",26
2020-04-04,"Randolph","West Virginia",3
2020-04-04,"Rankin","Mississippi",66
2020-04-04,"Rapides","Louisiana",97
2020-04-04,"Ravalli","Montana",2
2020-04-04,"Ray","Missouri",3
2020-04-04,"Red River","Louisiana",2
2020-04-04,"Reeves","Texas",1
2020-04-04,"Reno","Kansas",9
2020-04-04,"Rensselaer","New York",67
2020-04-04,"Renville","Minnesota",2
2020-04-04,"Reynolds","Missouri",2
2020-04-04,"Rice","Minnesota",4
2020-04-04,"Richland","Louisiana",9
2020-04-04,"Richland","Ohio",14
2020-04-04,"Richland","South Carolina",242
2020-04-04,"Richland","Wisconsin",2
2020-04-04,"Richmond","Georgia",51
2020-04-04,"Richmond","Virginia",96
2020-04-04,"Riley","Kansas",11
2020-04-04,"Rio Arriba","New Mexico",5
2020-04-04,"Rio Blanco","Colorado",1
2020-04-04,"Rio Grande","Colorado",5
2020-04-04,"Ripley","Indiana",51
2020-04-04,"Ripley","Missouri",2
2020-04-04,"Riverside","California",638
2020-04-04,"Roane","Tennessee",5
2020-04-04,"Roane","West Virginia",2
2020-04-04,"Roanoke","Virginia",15
2020-04-04,"Roberts","South Dakota",4
2020-04-04,"Robertson","Tennessee",51
2020-04-04,"Robertson","Texas",2
2020-04-04,"Robeson","North Carolina",5
2020-04-04,"Rock","Wisconsin",20
2020-04-04,"Rock Island","Illinois",29
2020-04-04,"Rockbridge","Virginia",3
2020-04-04,"Rockcastle","Kentucky",1
2020-04-04,"Rockdale","Georgia",70
2020-04-04,"Rockingham","New Hampshire",190
2020-04-04,"Rockingham","North Carolina",5
2020-04-04,"Rockingham","Virginia",15
2020-04-04,"Rockland","New York",4872
2020-04-04,"Rockwall","Texas",11
2020-04-04,"Rogers","Oklahoma",12
2020-04-04,"Roosevelt","Montana",1
2020-04-04,"Roosevelt","New Mexico",1
2020-04-04,"Roscommon","Michigan",2
2020-04-04,"Ross","Ohio",4
2020-04-04,"Routt","Colorado",28
2020-04-04,"Rowan","North Carolina",44
2020-04-04,"Rush","Indiana",10
2020-04-04,"Rusk","Texas",11
2020-04-04,"Rusk","Wisconsin",1
2020-04-04,"Russell","Alabama",4
2020-04-04,"Russell","Kentucky",1
2020-04-04,"Rutherford","North Carolina",12
2020-04-04,"Rutherford","Tennessee",140
2020-04-04,"Rutland","Vermont",24
2020-04-04,"Sabine","Louisiana",4
2020-04-04,"Sacramento","California",390
2020-04-04,"Sagadahoc","Maine",13
2020-04-04,"Saginaw","Michigan",103
2020-04-04,"Saguache","Colorado",3
2020-04-04,"Salem","New Jersey",25
2020-04-04,"Salem","Virginia",1
2020-04-04,"Saline","Arkansas",21
2020-04-04,"Saline","Illinois",1
2020-04-04,"Saline","Kansas",5
2020-04-04,"Saline","Missouri",2
2020-04-04,"Salt Lake","Utah",650
2020-04-04,"Saluda","South Carolina",4
2020-04-04,"Sampson","North Carolina",2
2020-04-04,"San Augustine","Texas",4
2020-04-04,"San Benito","California",23
2020-04-04,"San Bernardino","California",353
2020-04-04,"San Diego","California",1112
2020-04-04,"San Francisco","California",529
2020-04-04,"San Jacinto","Texas",1
2020-04-04,"San Joaquin","California",185
2020-04-04,"San Juan","New Mexico",72
2020-04-04,"San Juan","Utah",12
2020-04-04,"San Juan","Washington",6
2020-04-04,"San Luis Obispo","California",93
2020-04-04,"San Mateo","California",538
2020-04-04,"San Miguel","Colorado",9
2020-04-04,"San Miguel","New Mexico",1
2020-04-04,"San Patricio","Texas",4
2020-04-04,"Sandoval","New Mexico",66
2020-04-04,"Sandusky","Ohio",5
2020-04-04,"Sangamon","Illinois",25
2020-04-04,"Sanilac","Michigan",13
2020-04-04,"Santa Barbara","California",152
2020-04-04,"Santa Clara","California",1148
2020-04-04,"Santa Cruz","Arizona",4
2020-04-04,"Santa Cruz","California",59
2020-04-04,"Santa Fe","New Mexico",52
2020-04-04,"Santa Rosa","Florida",50
2020-04-04,"Sarasota","Florida",129
2020-04-04,"Saratoga","New York",141
2020-04-04,"Sarpy","Nebraska",26
2020-04-04,"Sauk","Wisconsin",18
2020-04-04,"Saunders","Nebraska",4
2020-04-04,"Schenectady","New York",117
2020-04-04,"Schley","Georgia",6
2020-04-04,"Schoharie","New York",11
2020-04-04,"Schuyler","New York",4
2020-04-04,"Schuylkill","Pennsylvania",77
2020-04-04,"Scotland","North Carolina",2
2020-04-04,"Scott","Arkansas",1
2020-04-04,"Scott","Indiana",7
2020-04-04,"Scott","Iowa",38
2020-04-04,"Scott","Kentucky",12
2020-04-04,"Scott","Minnesota",12
2020-04-04,"Scott","Mississippi",17
2020-04-04,"Scott","Missouri",7
2020-04-04,"Scott","Tennessee",3
2020-04-04,"Scotts Bluff","Nebraska",3
2020-04-04,"Screven","Georgia",2
2020-04-04,"Searcy","Arkansas",2
2020-04-04,"Sebastian","Arkansas",8
2020-04-04,"Sedgwick","Kansas",97
2020-04-04,"Seminole","Florida",178
2020-04-04,"Seminole","Georgia",8
2020-04-04,"Seminole","Oklahoma",2
2020-04-04,"Seneca","New York",6
2020-04-04,"Seneca","Ohio",5
2020-04-04,"Sequatchie","Tennessee",2
2020-04-04,"Sequoyah","Oklahoma",4
2020-04-04,"Sevier","Arkansas",1
2020-04-04,"Sevier","Tennessee",13
2020-04-04,"Sharkey","Mississippi",2
2020-04-04,"Sharp","Arkansas",1
2020-04-04,"Shasta","California",12
2020-04-04,"Shawnee","Kansas",27
2020-04-04,"Sheboygan","Wisconsin",20
2020-04-04,"Shelby","Alabama",124
2020-04-04,"Shelby","Indiana",32
2020-04-04,"Shelby","Iowa",5
2020-04-04,"Shelby","Kentucky",7
2020-04-04,"Shelby","Missouri",1
2020-04-04,"Shelby","Ohio",10
2020-04-04,"Shelby","Tennessee",689
2020-04-04,"Shelby","Texas",11
2020-04-04,"Shenandoah","Virginia",10
2020-04-04,"Sherburne","Minnesota",9
2020-04-04,"Sheridan","Wyoming",11
2020-04-04,"Shiawassee","Michigan",22
2020-04-04,"Sibley","Minnesota",1
2020-04-04,"Silver Bow","Montana",11
2020-04-04,"Simpson","Kentucky",13
2020-04-04,"Simpson","Mississippi",5
2020-04-04,"Sioux","Iowa",7
2020-04-04,"Sioux","North Dakota",1
2020-04-04,"Siskiyou","California",3
2020-04-04,"Skagit","Washington",161
2020-04-04,"Skamania","Washington",1
2020-04-04,"Slope","North Dakota",1
2020-04-04,"Smith","Mississippi",6
2020-04-04,"Smith","Tennessee",3
2020-04-04,"Smith","Texas",57
2020-04-04,"Smyth","Virginia",2
2020-04-04,"Snohomish","Washington",1503
2020-04-04,"Snyder","Pennsylvania",6
2020-04-04,"Socorro","New Mexico",4
2020-04-04,"Solano","California",73
2020-04-04,"Somerset","Maine",3
2020-04-04,"Somerset","Maryland",4
2020-04-04,"Somerset","New Jersey",765
2020-04-04,"Somerset","Pennsylvania",3
2020-04-04,"Sonoma","California",105
2020-04-04,"Southampton","Virginia",5
2020-04-04,"Southeast Fairbanks","Alaska",1
2020-04-04,"Spalding","Georgia",24
2020-04-04,"Spartanburg","South Carolina",72
2020-04-04,"Spencer","Indiana",1
2020-04-04,"Spencer","Kentucky",2
2020-04-04,"Spink","South Dakota",2
2020-04-04,"Spokane","Washington",209
2020-04-04,"Spotsylvania","Virginia",18
2020-04-04,"St Bernard","Louisiana",239
2020-04-04,"St Charles","Louisiana",252
2020-04-04,"St Charles","Missouri",151
2020-04-04,"St Clair","Alabama",25
2020-04-04,"St Clair","Illinois",80
2020-04-04,"St Clair","Michigan",85
2020-04-04,"St Croix","Wisconsin",7
2020-04-04,"St Francis","Arkansas",1
2020-04-04,"St Francois","Missouri",14
2020-04-04,"St Helena","Louisiana",4
2020-04-04,"St James","Louisiana",150
2020-04-04,"St John the Baptist","Louisiana",338
2020-04-04,"St Johns","Florida",132
2020-04-04,"St Joseph","Indiana",89
2020-04-04,"St Joseph","Michigan",9
2020-04-04,"St Landry","Louisiana",45
2020-04-04,"St Lawrence","New York",52
2020-04-04,"St Louis","Minnesota",13
2020-04-04,"St Louis","Missouri",864
2020-04-04,"St Louis city","Missouri",297
2020-04-04,"St Lucie","Florida",76
2020-04-04,"St Martin","Louisiana",64
2020-04-04,"St Mary","Louisiana",65
2020-04-04,"St Marys","Maryland",34
2020-04-04,"St Tammany","Louisiana",532
2020-04-04,"Stafford","Kansas",1
2020-04-04,"Stafford","Virginia",38
2020-04-04,"Stanislaus","California",58
2020-04-04,"Stanly","North Carolina",7
2020-04-04,"Stark","North Dakota",22
2020-04-04,"Stark","Ohio",92
2020-04-04,"Starke","Indiana",2
2020-04-04,"Starr","Texas",5
2020-04-04,"Staunton","Virginia",1
2020-04-04,"Ste Genevieve","Missouri",6
2020-04-04,"Stearns","Minnesota",6
2020-04-04,"Steele","Minnesota",8
2020-04-04,"Stephens","Georgia",5
2020-04-04,"Stephens","Oklahoma",9
2020-04-04,"Stephenson","Illinois",3
2020-04-04,"Steuben","Indiana",4
2020-04-04,"Steuben","New York",60
2020-04-04,"Stevens","Kansas",1
2020-04-04,"Stevens","Washington",5
2020-04-04,"Stewart","Georgia",1
2020-04-04,"Stewart","Tennessee",1
2020-04-04,"Stoddard","Missouri",7
2020-04-04,"Stokes","North Carolina",5
2020-04-04,"Stone","Arkansas",5
2020-04-04,"Stone","Missouri",2
2020-04-04,"Story","Iowa",5
2020-04-04,"Strafford","New Hampshire",36
2020-04-04,"Sublette","Wyoming",1
2020-04-04,"Suffolk","Massachusetts",2429
2020-04-04,"Suffolk","New York",11370
2020-04-04,"Suffolk","Virginia",20
2020-04-04,"Sullivan","Indiana",3
2020-04-04,"Sullivan","New Hampshire",5
2020-04-04,"Sullivan","New York",193
2020-04-04,"Sullivan","Pennsylvania",1
2020-04-04,"Sullivan","Tennessee",18
2020-04-04,"Summit","Colorado",50
2020-04-04,"Summit","Ohio",184
2020-04-04,"Summit","Utah",230
2020-04-04,"Sumner","Kansas",2
2020-04-04,"Sumner","Tennessee",301
2020-04-04,"Sumter","Alabama",6
2020-04-04,"Sumter","Florida",73
2020-04-04,"Sumter","Georgia",80
2020-04-04,"Sumter","South Carolina",79
2020-04-04,"Sunflower","Mississippi",18
2020-04-04,"Surry","North Carolina",3
2020-04-04,"Surry","Virginia",3
2020-04-04,"Susquehanna","Pennsylvania",5
2020-04-04,"Sussex","Delaware",125
2020-04-04,"Sussex","New Jersey",236
2020-04-04,"Sussex","Virginia",3
2020-04-04,"Sutter","California",16
2020-04-04,"Suwannee","Florida",17
2020-04-04,"Swain","North Carolina",1
2020-04-04,"Sweetwater","Wyoming",4
2020-04-04,"Swisher","Texas",1
2020-04-04,"Switzerland","Indiana",7
2020-04-04,"Talbot","Georgia",3
2020-04-04,"Talbot","Maryland",6
2020-04-04,"Talladega","Alabama",16
2020-04-04,"Tallahatchie","Mississippi",2
2020-04-04,"Tallapoosa","Alabama",20
2020-04-04,"Tama","Iowa",29
2020-04-04,"Taney","Missouri",5
2020-04-04,"Tangipahoa","Louisiana",131
2020-04-04,"Taos","New Mexico",13
2020-04-04,"Tarrant","Texas",404
2020-04-04,"Tate","Mississippi",14
2020-04-04,"Tattnall","Georgia",3
2020-04-04,"Taylor","Georgia",2
2020-04-04,"Taylor","Iowa",1
2020-04-04,"Taylor","Kentucky",2
2020-04-04,"Taylor","Texas",27
2020-04-04,"Tazewell","Illinois",10
2020-04-04,"Tazewell","Virginia",2
2020-04-04,"Tehama","California",1
2020-04-04,"Telfair","Georgia",3
2020-04-04,"Teller","Colorado",11
2020-04-04,"Terrebonne","Louisiana",143
2020-04-04,"Terrell","Georgia",52
2020-04-04,"Terry","Texas",4
2020-04-04,"Teton","Idaho",3
2020-04-04,"Teton","Wyoming",36
2020-04-04,"Texas","Missouri",1
2020-04-04,"Texas","Oklahoma",1
2020-04-04,"Thomas","Georgia",26
2020-04-04,"Thurston","Washington",64
2020-04-04,"Tift","Georgia",34
2020-04-04,"Tillamook","Oregon",3
2020-04-04,"Tillman","Oklahoma",1
2020-04-04,"Tioga","New York",8
2020-04-04,"Tioga","Pennsylvania",3
2020-04-04,"Tippah","Mississippi",31
2020-04-04,"Tippecanoe","Indiana",28
2020-04-04,"Tipton","Indiana",6
2020-04-04,"Tipton","Tennessee",31
2020-04-04,"Tishomingo","Mississippi",1
2020-04-04,"Titus","Texas",1
2020-04-04,"Todd","South Dakota",1
2020-04-04,"Tolland","Connecticut",91
2020-04-04,"Tom Green","Texas",20
2020-04-04,"Tompkins","New York",93
2020-04-04,"Tooele","Utah",17
2020-04-04,"Toole","Montana",12
2020-04-04,"Toombs","Georgia",5
2020-04-04,"Torrance","New Mexico",3
2020-04-04,"Towns","Georgia",1
2020-04-04,"Transylvania","North Carolina",5
2020-04-04,"Traverse","Minnesota",2
2020-04-04,"Travis","Texas",430
2020-04-04,"Trempealeau","Wisconsin",1
2020-04-04,"Trinity","Texas",2
2020-04-04,"Troup","Georgia",32
2020-04-04,"Trousdale","Tennessee",7
2020-04-04,"Trumbull","Ohio",90
2020-04-04,"Tucker","West Virginia",3
2020-04-04,"Tulare","California",81
2020-04-04,"Tulsa","Oklahoma",221
2020-04-04,"Tunica","Mississippi",15
2020-04-04,"Tuolumne","California",2
2020-04-04,"Turner","Georgia",12
2020-04-04,"Turner","South Dakota",3
2020-04-04,"Tuscaloosa","Alabama",43
2020-04-04,"Tuscarawas","Ohio",19
2020-04-04,"Tuscola","Michigan",20
2020-04-04,"Twiggs","Georgia",2
2020-04-04,"Twin Falls","Idaho",33
2020-04-04,"Tyler","Texas",2
2020-04-04,"Uinta","Wyoming",2
2020-04-04,"Uintah","Utah",1
2020-04-04,"Ulster","New York",290
2020-04-04,"Umatilla","Oregon",5
2020-04-04,"Unicoi","Tennessee",1
2020-04-04,"Union","Arkansas",10
2020-04-04,"Union","Florida",10
2020-04-04,"Union","Georgia",1
2020-04-04,"Union","Indiana",2
2020-04-04,"Union","Kentucky",2
2020-04-04,"Union","Louisiana",19
2020-04-04,"Union","Mississippi",6
2020-04-04,"Union","New Jersey",2916
2020-04-04,"Union","North Carolina",67
2020-04-04,"Union","Ohio",7
2020-04-04,"Union","Oregon",3
2020-04-04,"Union","Pennsylvania",5
2020-04-04,"Union","South Carolina",9
2020-04-04,"Union","South Dakota",3
2020-04-04,"Union","Tennessee",1
2020-04-04,"Upshur","Texas",3
2020-04-04,"Upshur","West Virginia",1
2020-04-04,"Upson","Georgia",10
2020-04-04,"Utah","Utah",186
2020-04-04,"Uvalde","Texas",4
2020-04-04,"Val Verde","Texas",5
2020-04-04,"Valencia","New Mexico",5
2020-04-04,"Valley","Idaho",3
2020-04-04,"Van Buren","Arkansas",20
2020-04-04,"Van Buren","Iowa",6
2020-04-04,"Van Buren","Michigan",12
2020-04-04,"Van Wert","Ohio",2
2020-04-04,"Van Zandt","Texas",4
2020-04-04,"Vance","North Carolina",10
2020-04-04,"Vanderburgh","Indiana",35
2020-04-04,"Venango","Pennsylvania",3
2020-04-04,"Ventura","California",203
2020-04-04,"Vermilion","Illinois",5
2020-04-04,"Vermilion","Louisiana",15
2020-04-04,"Vermillion","Indiana",2
2020-04-04,"Vernon","Louisiana",11
2020-04-04,"Victoria","Texas",32
2020-04-04,"Vigo","Indiana",10
2020-04-04,"Vilas","Wisconsin",3
2020-04-04,"Virginia Beach","Virginia",160
2020-04-04,"Volusia","Florida",134
2020-04-04,"Wabash","Indiana",1
2020-04-04,"Wabasha","Minnesota",6
2020-04-04,"Wagoner","Oklahoma",40
2020-04-04,"Wahkiakum","Washington",1
2020-04-04,"Wake","North Carolina",283
2020-04-04,"Wakulla","Florida",5
2020-04-04,"Waldo","Maine",3
2020-04-04,"Walker","Alabama",49
2020-04-04,"Walker","Georgia",3
2020-04-04,"Walker","Texas",8
2020-04-04,"Walla Walla","Washington",8
2020-04-04,"Waller","Texas",8
2020-04-04,"Wallowa","Oregon",1
2020-04-04,"Walsh","North Dakota",1
2020-04-04,"Walthall","Mississippi",12
2020-04-04,"Walton","Florida",21
2020-04-04,"Walton","Georgia",16
2020-04-04,"Walworth","Wisconsin",15
2020-04-04,"Wapello","Iowa",1
2020-04-04,"Ward","North Dakota",14
2020-04-04,"Ware","Georgia",18
2020-04-04,"Warren","Georgia",4
2020-04-04,"Warren","Indiana",2
2020-04-04,"Warren","Iowa",9
2020-04-04,"Warren","Kentucky",18
2020-04-04,"Warren","Mississippi",3
2020-04-04,"Warren","Missouri",7
2020-04-04,"Warren","New Jersey",182
2020-04-04,"Warren","New York",20
2020-04-04,"Warren","North Carolina",1
2020-04-04,"Warren","Ohio",35
2020-04-04,"Warren","Pennsylvania",1
2020-04-04,"Warren","Tennessee",1
2020-04-04,"Warren","Virginia",4
2020-04-04,"Warrick","Indiana",12
2020-04-04,"Wasatch","Utah",70
2020-04-04,"Wasco","Oregon",7
2020-04-04,"Waseca","Minnesota",3
2020-04-04,"Washakie","Wyoming",2
2020-04-04,"Washington","Alabama",5
2020-04-04,"Washington","Arkansas",25
2020-04-04,"Washington","Colorado",1
2020-04-04,"Washington","Florida",1
2020-04-04,"Washington","Georgia",5
2020-04-04,"Washington","Idaho",1
2020-04-04,"Washington","Illinois",1
2020-04-04,"Washington","Indiana",16
2020-04-04,"Washington","Iowa",47
2020-04-04,"Washington","Kentucky",2
2020-04-04,"Washington","Louisiana",75
2020-04-04,"Washington","Maine",1
2020-04-04,"Washington","Maryland",29
2020-04-04,"Washington","Minnesota",54
2020-04-04,"Washington","Mississippi",31
2020-04-04,"Washington","Nebraska",19
2020-04-04,"Washington","New York",16
2020-04-04,"Washington","North Carolina",3
2020-04-04,"Washington","Ohio",6
2020-04-04,"Washington","Oklahoma",33
2020-04-04,"Washington","Oregon",228
2020-04-04,"Washington","Pennsylvania",46
2020-04-04,"Washington","Rhode Island",34
2020-04-04,"Washington","Tennessee",22
2020-04-04,"Washington","Texas",17
2020-04-04,"Washington","Utah",25
2020-04-04,"Washington","Vermont",21
2020-04-04,"Washington","Virginia",3
2020-04-04,"Washington","Wisconsin",52
2020-04-04,"Washoe","Nevada",245
2020-04-04,"Washtenaw","Michigan",501
2020-04-04,"Watauga","North Carolina",8
2020-04-04,"Watonwan","Minnesota",3
2020-04-04,"Waukesha","Wisconsin",141
2020-04-04,"Waupaca","Wisconsin",2
2020-04-04,"Wayne","Indiana",6
2020-04-04,"Wayne","Kentucky",4
2020-04-04,"Wayne","Michigan",6762
2020-04-04,"Wayne","Mississippi",2
2020-04-04,"Wayne","New York",30
2020-04-04,"Wayne","North Carolina",12
2020-04-04,"Wayne","Ohio",25
2020-04-04,"Wayne","Pennsylvania",28
2020-04-04,"Wayne","Tennessee",2
2020-04-04,"Waynesboro","Virginia",2
2020-04-04,"Weakley","Tennessee",1
2020-04-04,"Webb","Texas",83
2020-04-04,"Weber","Utah",63
2020-04-04,"Webster","Georgia",1
2020-04-04,"Webster","Iowa",1
2020-04-04,"Webster","Kentucky",3
2020-04-04,"Webster","Louisiana",42
2020-04-04,"Webster","Mississippi",11
2020-04-04,"Webster","Missouri",3
2020-04-04,"Weld","Colorado",379
2020-04-04,"Wells","Indiana",2
2020-04-04,"West Baton Rouge","Louisiana",40
2020-04-04,"West Feliciana","Louisiana",18
2020-04-04,"Westchester","New York",13081
2020-04-04,"Westmoreland","Pennsylvania",135
2020-04-04,"Westmoreland","Virginia",2
2020-04-04,"Wetzel","West Virginia",2
2020-04-04,"Wexford","Michigan",4
2020-04-04,"Wharton","Texas",9
2020-04-04,"Whatcom","Washington",199
2020-04-04,"Wheeler","Georgia",1
2020-04-04,"White","Arkansas",23
2020-04-04,"White","Georgia",3
2020-04-04,"White","Indiana",3
2020-04-04,"White","Tennessee",2
2020-04-04,"White Pine","Nevada",1
2020-04-04,"Whiteside","Illinois",15
2020-04-04,"Whitfield","Georgia",16
2020-04-04,"Whitley","Indiana",5
2020-04-04,"Whitman","Washington",11
2020-04-04,"Wichita","Texas",46
2020-04-04,"Wicomico","Maryland",8
2020-04-04,"Wilcox","Alabama",11
2020-04-04,"Wilcox","Georgia",2
2020-04-04,"Wilkes","Georgia",3
2020-04-04,"Wilkes","North Carolina",4
2020-04-04,"Wilkin","Minnesota",2
2020-04-04,"Wilkinson","Georgia",2
2020-04-04,"Wilkinson","Mississippi",25
2020-04-04,"Will","Illinois",582
2020-04-04,"Willacy","Texas",5
2020-04-04,"Williams","North Dakota",5
2020-04-04,"Williams","Ohio",1
2020-04-04,"Williamsburg","South Carolina",9
2020-04-04,"Williamsburg","Virginia",10
2020-04-04,"Williamson","Illinois",3
2020-04-04,"Williamson","Tennessee",239
2020-04-04,"Williamson","Texas",71
2020-04-04,"Wilson","North Carolina",28
2020-04-04,"Wilson","Tennessee",82
2020-04-04,"Wilson","Texas",6
2020-04-04,"Winchester","Virginia",10
2020-04-04,"Windham","Connecticut",31
2020-04-04,"Windham","Vermont",25
2020-04-04,"Windsor","Vermont",21
2020-04-04,"Winn","Louisiana",2
2020-04-04,"Winnebago","Illinois",36
2020-04-04,"Winnebago","Wisconsin",24
2020-04-04,"Winneshiek","Iowa",4
2020-04-04,"Winona","Minnesota",13
2020-04-04,"Winston","Alabama",3
2020-04-04,"Winston","Mississippi",11
2020-04-04,"Wirt","West Virginia",1
2020-04-04,"Wise","Texas",3
2020-04-04,"Wood","Ohio",23
2020-04-04,"Wood","Texas",1
2020-04-04,"Wood","West Virginia",7
2020-04-04,"Wood","Wisconsin",2
2020-04-04,"Woodbury","Iowa",8
2020-04-04,"Woodford","Illinois",6
2020-04-04,"Woodford","Kentucky",8
2020-04-04,"Woodruff","Arkansas",1
2020-04-04,"Woodson","Kansas",3
2020-04-04,"Woodward","Oklahoma",1
2020-04-04,"Worcester","Maryland",7
2020-04-04,"Worcester","Massachusetts",915
2020-04-04,"Worth","Georgia",35
2020-04-04,"Wright","Iowa",1
2020-04-04,"Wright","Minnesota",8
2020-04-04,"Wright","Missouri",6
2020-04-04,"Wyandot","Ohio",5
2020-04-04,"Wyandotte","Kansas",149
2020-04-04,"Wyoming","New York",18
2020-04-04,"Wyoming","Pennsylvania",5
2020-04-04,"Wythe","Virginia",2
2020-04-04,"Yadkin","North Carolina",6
2020-04-04,"Yakima","Washington",289
2020-04-04,"Yalobusha","Mississippi",9
2020-04-04,"Yamhill","Oregon",23
2020-04-04,"Yankton","South Dakota",14
2020-04-04,"Yates","New York",1
2020-04-04,"Yavapai","Arizona",43
2020-04-04,"Yazoo","Mississippi",19
2020-04-04,"Yellow Medicine","Minnesota",1
2020-04-04,"Yellowstone","Montana",38
2020-04-04,"Yolo","California",37
2020-04-04,"York","Maine",95
2020-04-04,"York","Nebraska",1
2020-04-04,"York","Pennsylvania",144
2020-04-04,"York","South Carolina",81
2020-04-04,"York","Virginia",19
2020-04-04,"Young","Texas",3
2020-04-04,"Yuba","California",9
2020-04-04,"Yukon-Koyukuk","Alaska",1
2020-04-04,"Yuma","Arizona",14
2020-04-04,"Yuma","Colorado",2
