name,state,pop,area,cases,case_rate
New York,New York,1628706,22,57159,351
Blaine,Idaho,23021,2643,351,152
Rockland,New York,325789,173,4289,132
Westchester,New York,967506,430,12351,128
Orleans,Louisiana,390144,169,3476,89
Nassau,New York,1356924,284,12024,89
Richmond,Virginia,9023,59,77,85
Suffolk,New York,1476601,912,10154,69
St John the Baptist,Louisiana,42837,213,290,68
Dougherty,Georgia,87956,328,560,64
Orange,New York,384940,811,2397,62
Terrell,Georgia,8531,335,50,59
Jefferson,Louisiana,432493,295,2495,58
Eagle,Colorado,55127,1684,314,57
St James,Louisiana,21096,241,116,55
Summit,Utah,42145,1871,222,53
Bergen,New Jersey,932202,233,4866,52
Gunnison,Colorado,17462,3239,86,49
Early,Georgia,10190,512,48,47
Union,New Jersey,556341,102,2487,45
Passaic,New Jersey,501826,184,2216,44
Hudson,New Jersey,672391,46,2835,42
St Bernard,Louisiana,47244,377,196,41
St Charles,Louisiana,53100,279,210,40
Essex,New Jersey,798975,126,3067,38
Lee,Georgia,29992,355,115,38
Wayne,Michigan,1749343,612,6096,35
Plaquemines,Louisiana,23197,779,75,32
Fairfield,Connecticut,943332,624,2716,29
Monmouth,New Jersey,618795,468,1743,28
Ocean,New Jersey,607186,628,1685,28
Dutchess,New York,294218,795,809,27
Suffolk,Massachusetts,803907,58,2183,27
Morris,New Jersey,491845,460,1298,26
Decatur,Indiana,26559,372,70,26
Mineral,Colorado,769,875,2,26
Middlesex,New Jersey,825062,308,2125,26
Cleburne,Arkansas,24919,553,64,26
Putnam,New York,98320,230,252,26
Wilkinson,Mississippi,8630,678,22,25
Baca,Colorado,3581,2554,9,25
Iberville,Louisiana,32511,618,81,25
Clay,Georgia,2834,195,7,25
Chambers,Alabama,33254,596,80,24
Monroe,Pennsylvania,170271,608,397,23
Sullivan,New York,75432,968,168,22
Navajo,Arizona,110924,9950,245,22
Coffey,Kansas,8179,626,18,22
Franklin,Indiana,22758,384,48,21
Kershaw,South Carolina,66551,726,136,20
Pitkin,Colorado,17767,970,36,20
Wasatch,Utah,34091,1175,69,20
Oakland,Michigan,1257584,867,2540,20
Sumter,Georgia,29524,482,59,20
Mitchell,Georgia,21863,512,43,20
Washington,Iowa,21965,568,43,20
Somerset,New Jersey,328934,301,641,19
Berkshire,Massachusetts,124944,926,240,19
Lafourche,Louisiana,97614,1068,185,19
Northampton,North Carolina,19483,536,36,18
Macomb,Michigan,873972,479,1560,18
Ascension,Louisiana,126604,289,222,18
De Soto,Louisiana,27463,875,46,17
Snohomish,Washington,822083,2087,1376,17
St Tammany,Louisiana,260419,845,435,17
Ripley,Indiana,28324,446,47,17
Martin,Minnesota,19683,712,32,16
Calhoun,Georgia,6189,280,10,16
Lehigh,Pennsylvania,369318,345,584,16
Caddo,Louisiana,240204,878,377,16
Essex,Massachusetts,789034,492,1238,16
Philadelphia,Pennsylvania,1584064,134,2430,15
Northampton,Pennsylvania,305285,369,466,15
Donley,Texas,3278,926,5,15
Luzerne,Pennsylvania,317417,890,484,15
Assumption,Louisiana,21891,338,33,15
Turner,Georgia,7985,285,12,15
Sussex,New Jersey,140488,519,210,15
Pike,Pennsylvania,55809,544,83,15
Worth,Georgia,20247,570,30,15
Marion,Indiana,964582,396,1429,15
Ulster,New York,177573,1124,263,15
Sumner,Tennessee,191283,529,283,15
Norfolk,Massachusetts,706775,396,1045,15
Barnstable,Massachusetts,212990,393,314,15
Tunica,Mississippi,9632,454,14,15
Bartow,Georgia,107738,459,154,14
Plymouth,Massachusetts,521202,659,745,14
Hampden,Massachusetts,466372,617,661,14
Warren,New Jersey,105267,356,149,14
Island,Washington,85141,208,119,14
Kimball,Nebraska,3632,951,5,14
Middlesex,Massachusetts,1611699,817,2202,14
Teton,Wyoming,23464,3995,32,14
Tippah,Mississippi,22015,457,30,14
James City,Virginia,76523,142,104,14
Slope,North Dakota,750,1214,1,13
Allen,Louisiana,25627,761,34,13
Mercer,New Jersey,367430,224,484,13
Baker,Georgia,3038,341,4,13
Tama,Iowa,16854,721,22,13
Washtenaw,Michigan,367601,705,477,13
St Martin,Louisiana,53431,737,69,13
Summit,Colorado,31011,608,40,13
Franklin,Massachusetts,70180,699,89,13
Toole,Montana,4736,1915,6,13
Mono,California,14444,3048,18,12
King,Washington,2252782,2115,2787,12
Washington,Louisiana,46194,669,57,12
Coconino,Arizona,143476,18618,175,12
Hinsdale,Colorado,820,1117,1,12
Chittenden,Vermont,163774,536,199,12
Clark,Arkansas,22320,866,27,12
Van Buren,Arkansas,16545,708,20,12
Castro,Texas,7530,894,9,12
Carroll,Georgia,119992,499,143,12
Hunterdon,New Jersey,124371,427,148,12
Cook,Illinois,5150233,945,6111,12
Skagit,Washington,129205,1731,153,12
Randolph,Georgia,6778,428,8,12
Coahoma,Mississippi,22124,552,26,12
Allamakee,Iowa,13687,639,16,12
Claiborne,Louisiana,15670,754,18,11
Beadle,South Dakota,18453,1258,21,11
Lafayette,Louisiana,244390,268,276,11
Jennings,Indiana,27735,376,31,11
Iberia,Louisiana,69830,574,78,11
Madison,New York,70941,654,77,11
Milwaukee,Wisconsin,945726,241,1023,11
District of Columbia,District of Columbia,705749,68,757,11
Montgomery,Pennsylvania,830915,483,875,11
Bolivar,Mississippi,30628,876,32,10
Mountrail,North Dakota,10545,1825,11,10
New Haven,Connecticut,854757,604,891,10
Genesee,Michigan,405813,636,422,10
Crisp,Georgia,22372,272,23,10
Montgomery,Mississippi,9775,406,10,10
Weld,Colorado,324492,3987,329,10
Clarendon,South Carolina,33745,606,34,10
Adams,Washington,19983,1924,20,10
Worcester,Massachusetts,830622,1510,825,10
East Feliciana,Louisiana,19135,453,19,10
Perry,Missouri,19136,474,19,10
Davidson,Tennessee,694144,504,685,10
Pawnee,Oklahoma,16376,567,16,10
Mahoning,Ohio,228683,411,220,10
Pepin,Wisconsin,7287,231,7,10
Litchfield,Connecticut,180333,920,173,10
Yakima,Washington,250873,4295,240,10
Delaware,Pennsylvania,566747,183,542,10
Woodson,Kansas,3138,497,3,10
Matagorda,Texas,36643,1100,35,10
St Mary,Louisiana,49348,555,47,10
Johnson,Wyoming,8445,4154,8,9
Oldham,Texas,2112,1500,2,9
Burke,North Dakota,2115,1103,2,9
Holmes,Mississippi,17010,756,16,9
Lincoln,Idaho,5366,1201,5,9
Williamson,Tennessee,238412,582,221,9
Terrebonne,Louisiana,110461,1231,102,9
Avoyelles,Louisiana,40144,832,37,9
Perry,Mississippi,11973,647,11,9
Washington,Nebraska,20729,389,19,9
Bristol,Massachusetts,565217,553,517,9
Camas,Idaho,1106,1074,1,9
Routt,Colorado,25638,2362,23,9
Dooly,Georgia,13390,391,12,9
Alpine,California,1129,738,1,9
Chaffee,Colorado,20356,1013,18,9
Denver,Colorado,727211,153,643,9
East Baton Rouge,Louisiana,440059,455,389,9
Montour,Pennsylvania,18230,130,16,9
Chickasaw,Mississippi,17103,501,15,9
Greer,Oklahoma,5712,639,5,9
Miller,Georgia,5718,282,5,9
Albany,New York,305506,522,267,9
Lake,Illinois,696535,443,608,9
Addison,Vermont,36777,766,32,9
West Baton Rouge,Louisiana,26465,192,23,9
Johnson,Indiana,158167,320,136,9
Columbia,New York,59461,634,51,9
San Miguel,Colorado,8179,1286,7,9
Choctaw,Mississippi,8210,418,7,9
Tompkins,New York,102180,474,87,9
Fulton,Georgia,1063937,526,882,8
Wyandotte,Kansas,165429,151,137,8
St Landry,Louisiana,82124,923,68,8
Webster,Mississippi,9689,420,8,8
Burlington,New Jersey,445349,798,367,8
Grundy,Tennessee,13427,360,11,8
Broward,Florida,1952778,1209,1598,8
Gallatin,Montana,114434,2602,93,8
Otsego,Michigan,24668,514,20,8
Hendricks,Indiana,170311,406,138,8
Camden,New Jersey,506471,221,406,8
Erie,New York,918702,1042,734,8
St Louis city,Missouri,300576,61,239,8
Whatcom,Washington,229247,2106,182,8
San Juan,Utah,15308,7819,12,8
Floyd,Georgia,98498,509,77,8
Lee,South Carolina,16828,410,13,8
Costilla,Colorado,3887,1226,3,8
Crittenden,Arkansas,47955,609,37,8
Attala,Mississippi,18174,734,14,8
Walthall,Mississippi,14286,403,11,8
Union,Louisiana,22108,876,17,8
Grant,Washington,97733,2679,75,8
Carroll,Maryland,168447,447,129,8
Jefferson,Arkansas,66824,870,51,8
Hartford,Connecticut,891720,735,679,8
Warren,Georgia,5254,284,4,8
Schley,Georgia,5257,166,4,8
Walker,Alabama,63521,791,48,8
Cumberland,Maine,295003,835,222,8
Bossier,Louisiana,127039,840,95,7
Colquitt,Georgia,45600,544,34,7
Leflore,Mississippi,28183,592,21,7
Ouachita,Louisiana,153279,610,114,7
Seminole,Georgia,8090,235,6,7
Pearl River,Mississippi,55535,810,41,7
Tift,Georgia,40644,258,30,7
Morgan,Indiana,70489,403,52,7
Pierce,Georgia,19465,316,14,7
Bucks,Pennsylvania,628270,604,450,7
St Louis,Missouri,994205,507,712,7
Garfield,Colorado,60061,2947,43,7
Harrison,Iowa,14049,696,10,7
Robertson,Tennessee,71813,476,51,7
Van Buren,Iowa,7044,484,5,7
Hampshire,Massachusetts,160830,527,114,7
Schenectady,New York,155299,204,110,7
West Feliciana,Louisiana,15568,403,11,7
Washington,Mississippi,43909,724,31,7
Cotton,Oklahoma,5666,632,4,7
Sumter,South Carolina,106721,665,75,7
Onondaga,New York,460528,778,322,7
Madison,Montana,8600,3587,6,7
Monona,Iowa,8615,694,6,7
Nowata,Oklahoma,10076,565,7,7
Rockdale,Georgia,90896,129,63,7
Fremont,Wyoming,39261,9183,27,7
Shelby,Tennessee,937166,763,640,7
Beaufort,South Carolina,192122,576,131,7
Bienville,Louisiana,13241,811,9,7
Chenango,New York,47207,893,32,7
Lauderdale,Mississippi,74125,703,50,7
Arapahoe,Colorado,656590,798,441,7
Lamoille,Vermont,25362,458,17,7
Carter,Missouri,5982,507,4,7
Clayton,Georgia,292256,141,195,7
Benton,Washington,204390,1700,136,7
Jefferson,Colorado,582881,764,385,7
Will,Illinois,690743,836,455,7
Le Sueur,Minnesota,28887,448,19,7
Providence,Rhode Island,638931,409,418,7
Hamilton,Indiana,338011,394,220,7
McKinley,New Mexico,71367,5449,46,6
Ada,Idaho,481587,1052,307,6
Irwin,Georgia,9416,354,6,6
San Mateo,California,766573,448,486,6
Catahoula,Louisiana,9494,708,6,6
Cuyahoga,Ohio,1235072,457,780,6
Lincoln,Georgia,7921,210,5,6
Monroe,Michigan,150500,549,95,6
Pierce,Washington,904980,1669,571,6
Adair,Oklahoma,22194,573,14,6
Livingston,Michigan,191995,565,121,6
Cleveland,Arkansas,7956,597,5,6
Gloucester,New Jersey,291636,322,183,6
Monroe,New York,741770,657,464,6
Owen,Indiana,20799,385,13,6
Rapides,Louisiana,129648,1317,81,6
Putnam,Tennessee,80245,401,50,6
Trousdale,Tennessee,11284,114,7,6
Prince Georges,Maryland,909327,482,563,6
Clear Creek,Colorado,9700,395,6,6
Miami,Ohio,106987,406,66,6
Greene,Alabama,8111,647,5,6
Clinton,Michigan,79595,566,49,6
Chautauqua,Kansas,3250,638,2,6
Traverse,Minnesota,3259,573,2,6
Saratoga,New York,229863,809,141,6
Winston,Mississippi,17955,607,11,6
Madison,Mississippi,106272,714,65,6
Lafayette,Missouri,32708,628,20,6
Benton,Mississippi,8259,406,5,6
Scott,Mississippi,28124,609,17,6
Clay,Alabama,13235,603,8,6
Hopkins,Kentucky,44686,542,27,6
Stark,North Dakota,31489,1334,19,6
Lee,Alabama,164542,607,99,6
Charleston,South Carolina,411406,916,247,6
DeSoto,Mississippi,184945,476,111,6
Webster,Louisiana,38340,593,23,6
Hinds,Mississippi,231840,869,139,6
Pointe Coupee,Louisiana,21730,557,13,6
Cedar,Iowa,18627,579,11,6
DeKalb,Georgia,759297,267,448,6
Jefferson,Washington,32221,1803,19,6
Quitman,Mississippi,6792,405,4,6
Hancock,Mississippi,47632,473,28,6
Calcasieu,Louisiana,203436,1063,119,6
Harrison,Kentucky,18886,306,11,6
Shelby,Indiana,44729,411,26,6
San Juan,New Mexico,123958,5513,72,6
Wilcox,Alabama,10373,888,6,6
Yalobusha,Mississippi,12108,467,7,6
Charles City,Virginia,6963,182,4,6
Kay,Oklahoma,43538,919,25,6
Palm Beach,Florida,1496770,1969,858,6
Hillsdale,Michigan,45605,598,26,6
Arlington,Virginia,236842,25,135,6
Harrison,Indiana,40515,484,23,6
Lackawanna,Pennsylvania,209674,459,119,6
Jackson,Indiana,44231,509,25,6
Clark,Nevada,2266715,7891,1279,6
San Francisco,California,881549,46,497,6
Kit Carson,Colorado,7097,2160,4,6
Sumter,Alabama,12427,903,7,6
Fayette,Indiana,23102,215,13,6
Coosa,Alabama,10663,650,6,6
Ozaukee,Wisconsin,89221,233,50,6
Middlesex,Connecticut,162436,369,91,6
Boone,Indiana,67843,422,38,6
Switzerland,Indiana,10751,220,6,6
Inyo,California,18039,10180,10,6
Charles,Maryland,163257,457,90,6
Johnson,Iowa,151140,614,83,5
Rockingham,New Hampshire,309769,694,170,5
Darke,Ohio,51113,598,28,5
Creek,Oklahoma,71522,950,39,5
Lucas,Ohio,428348,340,233,5
Delaware,New York,44135,1442,24,5
Washington,Oklahoma,51527,415,28,5
Apache,Arizona,71887,11197,39,5
DuPage,Illinois,922921,327,500,5
Mecklenburg,North Carolina,1110356,523,601,5
Evangeline,Louisiana,33395,662,18,5
Monroe,Florida,74228,983,40,5
Richland,South Carolina,415759,757,224,5
Pulaski,Georgia,11137,249,6,5
Montgomery,Maryland,1050688,491,566,5
Chariton,Missouri,7426,751,4,5
Marion,Alabama,29709,742,16,5
Marshall,Mississippi,35294,706,19,5
Bacon,Georgia,11164,258,6,5
Meagher,Montana,1862,2391,1,5
Bennington,Vermont,35470,674,19,5
Osceola,Florida,375751,1327,201,5
Pike,Mississippi,39288,409,21,5
Jefferson,Alabama,658573,1111,351,5
Henry,Georgia,234561,322,125,5
Carbon,Pennsylvania,64182,381,34,5
Santa Clara,California,1927852,1290,1019,5
Kankakee,Illinois,109862,676,58,5
Collier,Florida,384902,1998,203,5
Baltimore city,Maryland,593490,80,313,5
Christian,Illinois,32304,709,17,5
Hancock,Indiana,78168,306,41,5
Tolland,Connecticut,150721,410,79,5
Jackson,Mississippi,143617,722,75,5
Linn,Iowa,226706,716,118,5
Ingham,Michigan,292406,556,152,5
Concordia,Louisiana,19259,696,10,5
Sunflower,Mississippi,25110,697,13,5
Madison,Indiana,129569,451,67,5
Baltimore,Maryland,827370,598,427,5
Muscatine,Iowa,42664,437,22,5
Linn,Kansas,9703,594,5,5
Sumter,Florida,132420,546,68,5
Lyon,Kansas,33195,847,17,5
Marion,Oregon,347818,1182,178,5
Oliver,North Dakota,1959,722,1,5
Morton,North Dakota,31364,1926,16,5
Howard,Maryland,325690,250,166,5
Fayette,Georgia,114421,194,58,5
Dearborn,Indiana,49458,305,25,5
Lynn,Texas,5951,891,3,5
Pierce,North Dakota,3975,1018,2,5
Carroll,Mississippi,9947,628,5,5
Lake,Indiana,485493,498,244,5
Gosper,Nebraska,1990,458,1,5
Adams,Colorado,517421,1167,260,5
Pickens,Alabama,19930,881,10,5
Cobb,Georgia,760141,339,381,5
Shelby,Alabama,217702,784,109,5
Franklin,Louisiana,20015,624,10,5
Sussex,Delaware,234225,936,117,5
Washington,Indiana,28036,513,14,5
New Castle,Delaware,558753,426,279,5
Dawson,Georgia,26108,210,13,5
Windham,Vermont,42222,785,21,5
Humphreys,Mississippi,8064,418,4,5
Durham,North Carolina,321488,285,159,5
Greene,Georgia,18324,387,9,5
Wilson,Tennessee,144657,570,71,5
Greene,New York,47188,647,23,5
Douglas,Colorado,351154,840,171,5
San Augustine,Texas,8237,530,4,5
Douglas,Georgia,146343,200,71,5
Lawrence,Indiana,45370,449,22,5
Simpson,Kentucky,18572,234,9,5
Marion,Tennessee,28907,498,14,5
Rush,Indiana,16581,408,8,5
Steuben,New York,95379,1390,46,5
Yankton,South Dakota,22814,521,11,5
Broadwater,Montana,6237,1192,3,5
Johnson,Missouri,54062,829,26,5
Socorro,New Mexico,16637,6646,8,5
Olmsted,Minnesota,158293,653,76,5
Noxubee,Mississippi,10417,695,5,5
Cape May,New Jersey,92039,251,44,5
Kenosha,Wisconsin,169561,271,81,5
Dodge,Minnesota,20934,439,10,5
Berks,Pennsylvania,421164,856,201,5
Washington,Texas,35882,603,17,5
Franklin,Washington,95222,1242,45,5
Meriwether,Georgia,21167,501,10,5
Saginaw,Michigan,190539,800,90,5
El Paso,Colorado,720403,2126,340,5
Oconee,Georgia,40280,184,19,5
Floyd,Indiana,78522,147,37,5
Tallapoosa,Alabama,40367,716,19,5
Cleburne,Alabama,14910,560,7,5
Phillips,Colorado,4265,687,2,5
Surry,Virginia,6422,278,3,5
Salt Lake,Utah,1160437,742,541,5
Clark,Indiana,118302,372,55,5
Oktibbeha,Mississippi,49587,458,23,5
Custer,Idaho,4315,4920,2,5
Sharkey,Mississippi,4321,431,2,5
Douglas,Illinois,19465,416,9,5
Dane,Wisconsin,546695,1197,252,5
Lincoln,Arkansas,13024,561,6,5
Tate,Mississippi,28321,404,13,5
Cleveland,Oklahoma,284014,538,130,5
Adams,Mississippi,30693,462,14,5
Marin,California,258826,520,118,5
Los Angeles,California,10039107,4057,4566,5
Tipton,Tennessee,61599,458,28,5
Decatur,Georgia,26404,597,12,5
Hamilton,New York,4416,1717,2,5
Sandoval,New Mexico,146748,3710,66,4
St Johns,Florida,264672,600,119,4
Noble,Oklahoma,11131,731,5,4
Niagara,New York,209281,522,94,4
Wayne,Pennsylvania,51361,725,23,4
Ware,Georgia,35734,892,16,4
Osage,Oklahoma,46963,2246,21,4
Cottonwood,Minnesota,11196,638,5,4
Jefferson Davis,Louisiana,31368,651,14,4
Schuylkill,Pennsylvania,141359,778,63,4
Clarke,Georgia,128331,119,57,4
Rio Grande,Colorado,11267,911,5,4
Kalkaska,Michigan,18038,559,8,4
Divide,North Dakota,2264,1260,1,4
Randolph,Alabama,22722,580,10,4
Grant,North Dakota,2274,1659,1,4
Saguache,Colorado,6824,3168,3,4
Medina,Ohio,179746,421,79,4
Tucker,West Virginia,6839,418,3,4
Yazoo,Mississippi,29690,922,13,4
Geauga,Ohio,93649,400,41,4
Eddy,North Dakota,2287,630,1,4
Shelby,Iowa,11454,590,5,4
Jackson,Michigan,158510,701,69,4
Faulk,South Dakota,2299,981,1,4
Quitman,Georgia,2299,151,1,4
Bristol,Rhode Island,48479,24,21,4
Orange,Florida,1393452,903,602,4
Chester,Pennsylvania,524989,750,226,4
Anne Arundel,Maryland,579234,414,249,4
York,Maine,207641,990,89,4
Liberty,Montana,2337,1430,1,4
Fillmore,Minnesota,21067,861,9,4
La Plata,Colorado,56221,1692,24,4
Eaton,Michigan,110268,575,47,4
Broomfield,Colorado,70465,33,30,4
Lancaster,Pennsylvania,545724,943,232,4
Franklin,Vermont,49402,633,21,4
Hall,Nebraska,61353,546,26,4
Grafton,New Hampshire,89886,1708,38,4
Rensselaer,New York,158714,652,67,4
Chemung,New York,83456,407,35,4
Crane,Texas,4797,785,2,4
Humboldt,Nevada,16831,9640,7,4
St Clair,Michigan,159128,721,66,4
Fayette,Tennessee,41133,704,17,4
Cibola,New Mexico,26675,4539,11,4
Rankin,Mississippi,155271,775,64,4
Kemper,Mississippi,9742,766,4,4
Camden,Missouri,46305,655,19,4
Lincoln,Mississippi,34153,586,14,4
Alachua,Florida,269043,875,110,4
Tangipahoa,Louisiana,134758,791,55,4
Amite,Mississippi,12297,730,5,4
Boulder,Colorado,326196,726,132,4
Callaway,Missouri,44743,834,18,4
Newport,Rhode Island,82082,102,33,4
Cherokee,Georgia,258773,421,104,4
Klickitat,Washington,22425,1871,9,4
Lincoln,Nebraska,34914,2564,14,4
Salem,New Jersey,62385,331,25,4
Forrest,Mississippi,74897,466,30,4
McIntosh,North Dakota,2497,974,1,4
Stone,Arkansas,12506,606,5,4
Butler,Pennsylvania,187853,788,75,4
St Lawrence,New York,107740,2680,43,4
Taos,New Mexico,32723,2203,13,4
Lawrence,Mississippi,12586,430,5,4
Beaver,Pennsylvania,163929,434,65,4
Shelby,Texas,25274,795,10,4
Fayette,Texas,25346,950,10,4
Lee,Florida,770577,784,304,4
Portage,Ohio,162466,487,64,4
Dawson,Texas,12728,900,5,4
Copiah,Mississippi,28065,777,11,4
Allegheny,Pennsylvania,1216045,730,476,4
Hillsborough,New Hampshire,417025,876,163,4
Washoe,Nevada,471519,6302,184,4
Dickson,Tennessee,53948,489,21,4
Franklin,Mississippi,7713,563,3,4
Lafayette,Mississippi,54019,631,21,4
Jasper,Indiana,33562,559,13,4
Hall,Georgia,204441,392,79,4
Jackson,West Virginia,28576,464,11,4
Cherokee,North Carolina,28612,455,11,4
Webster,Georgia,2607,209,1,4
Thomas,Georgia,44451,544,17,4
Boone,Missouri,180463,685,69,4
Washington,Wisconsin,136034,430,52,4
Rutherford,Tennessee,332285,619,127,4
Franklin,Ohio,1316756,532,503,4
Lebanon,Pennsylvania,141793,361,54,4
Amelia,Virginia,13145,355,5,4
Galveston,Texas,342139,378,130,4
Gove,Kansas,2636,1071,1,4
Leavenworth,Kansas,81758,462,31,4
Washington,Oregon,601592,724,228,4
Randolph,Illinois,31782,575,12,4
Smith,Mississippi,15916,636,6,4
Lubbock,Texas,310569,895,117,4
Baker,Florida,29210,585,11,4
Wyoming,New York,39859,592,15,4
Calhoun,Texas,21290,506,8,4
Polk,Georgia,42613,310,16,4
Mower,Minnesota,40062,711,15,4
Clinton,New York,80485,1037,30,4
Garland,Arkansas,99386,677,37,4
Laramie,Wyoming,99500,2685,37,4
Troup,Georgia,69922,413,26,4
Bradley,Arkansas,10763,649,4,4
Marengo,Alabama,18863,976,7,4
Spokane,Washington,522798,1763,194,4
Wagoner,Oklahoma,81289,561,30,4
Twin Falls,Idaho,86878,1921,32,4
San Benito,California,62808,1388,23,4
Granville,North Carolina,60443,531,22,4
Lincoln,Louisiana,46742,471,17,4
Trumbull,Ohio,197974,618,72,4
Cumberland,Tennessee,60520,681,22,4
Aurora,South Dakota,2751,708,1,4
Windsor,Vermont,55062,969,20,4
Clay,Mississippi,19316,410,7,4
Gordon,Georgia,57963,355,21,4
Park,Montana,16606,2803,6,4
Butts,Georgia,24936,184,9,4
Washington,Vermont,58409,687,21,4
Kent,Rhode Island,164292,168,59,4
Fayette,Kentucky,323152,283,116,4
Prentiss,Mississippi,25126,414,9,4
McCook,South Dakota,5586,574,2,4
Fairfield,South Carolina,22347,686,8,4
Newton,Georgia,111744,272,40,4
Turner,South Dakota,8384,617,3,4
Burke,Georgia,22383,826,8,4
Coweta,Georgia,148509,440,53,4
Morris,Kansas,5620,695,2,4
Bamberg,South Carolina,14066,393,5,4
Escambia,Florida,318316,656,113,4
Schoharie,New York,30999,621,11,4
Dallas,Iowa,93453,588,33,4
Otsego,New York,59493,1001,21,4
Greensville,Virginia,11336,295,4,4
Franklin,Kansas,25544,571,9,4
Minnehaha,South Dakota,193134,807,68,4
Gwinnett,Georgia,936250,430,329,4
Kitsap,Washington,271473,394,95,3
Dallas,Texas,2635516,871,921,3
Waukesha,Wisconsin,404198,549,141,3
Cedar,Missouri,14349,474,5,3
Lawrence,South Dakota,25844,800,9,3
Larimer,Colorado,356899,2596,124,3
Beauregard,Louisiana,37497,1157,13,3
Coffee,Georgia,43273,575,15,3
Putnam,Indiana,37576,480,13,3
Seminole,Florida,471826,309,163,3
Spalding,Georgia,66703,196,23,3
Jackson,Missouri,703011,604,242,3
Canyon,Idaho,229849,587,79,3
Davis,Utah,355481,298,122,3
Pontotoc,Mississippi,32174,497,11,3
San Juan,Washington,17582,173,6,3
Monroe,Mississippi,35252,765,12,3
Berrien,Michigan,153401,567,52,3
Henrico,Virginia,330818,233,112,3
Chilton,Alabama,44428,692,15,3
Duval,Florida,957755,762,323,3
Goochland,Virginia,23753,281,8,3
Houston,Georgia,157863,375,53,3
Daviess,Kentucky,101511,458,34,3
Sagadahoc,Maine,35856,253,12,3
Burleigh,North Dakota,95626,1632,32,3
Mitchell,Kansas,5979,701,2,3
Wayne,New York,89918,603,30,3
Wichita,Texas,132230,627,44,3
Greenville,South Carolina,523542,785,174,3
Pulaski,Arkansas,391911,759,130,3
Harrison,Mississippi,208080,573,69,3
McHenry,Illinois,307774,603,102,3
Monongalia,West Virginia,105612,360,35,3
Gem,Idaho,18112,560,6,3
Kane,Illinois,532403,520,176,3
Tipton,Indiana,15148,260,5,3
Brazoria,Texas,374264,1357,123,3
San Luis Obispo,California,283111,3298,93,3
Deer Lodge,Montana,9140,736,3,3
Wright,Missouri,18289,681,6,3
Sheridan,Wyoming,30485,2523,10,3
Jerome,Idaho,24412,597,8,3
Montrose,Colorado,42758,2240,14,3
Elmore,Idaho,27511,3074,9,3
Peach,Georgia,27546,150,9,3
Muhlenberg,Kentucky,30622,467,10,3
Pinellas,Florida,974996,273,318,3
Cole,Missouri,76745,393,25,3
Madison,Alabama,372909,801,121,3
Poweshiek,Iowa,18504,584,6,3
Calvert,Maryland,92525,213,30,3
Terry,Texas,12337,888,4,3
Fairfax,Virginia,1147532,6,372,3
Brooks,Georgia,15457,493,5,3
Clinton,Iowa,46429,694,15,3
Talbot,Georgia,6195,391,2,3
Wilkin,Minnesota,6207,750,2,3
Hamilton,Nebraska,9324,542,3,3
Nez Perce,Idaho,40408,848,13,3
Santa Fe,New Mexico,150358,1909,48,3
Louisa,Virginia,37591,496,12,3
Reynolds,Missouri,6270,808,2,3
Choctaw,Alabama,12589,913,4,3
Faulkner,Arkansas,126007,647,40,3
Bertie,North Carolina,18947,699,6,3
Lancaster,South Carolina,98012,549,31,3
Laurens,Georgia,47546,807,15,3
Westmoreland,Pennsylvania,348899,1027,110,3
Silver Bow,Montana,34915,718,11,3
Clay,Florida,219252,604,69,3
Hillsborough,Florida,1471968,1020,463,3
Lamar,Georgia,19077,183,6,3
Loudoun,Virginia,413538,515,130,3
Brazos,Texas,229211,585,72,3
Montgomery,Indiana,38338,504,12,3
Columbia,Wisconsin,57532,765,18,3
Logan,Colorado,22409,1838,7,3
Foster,North Dakota,3210,635,1,3
Santa Barbara,California,446499,2735,139,3
Lincoln,South Dakota,61128,577,19,3
Oneida,New York,228671,1212,71,3
Berkeley,West Virginia,119171,321,37,3
Iowa,Iowa,16184,586,5,3
Menifee,Kentucky,6489,203,2,3
Denton,Texas,887207,878,273,3
Leake,Mississippi,22786,583,7,3
Wilkes,Georgia,9777,469,3,3
Lorain,Ohio,309833,491,95,3
Washington,Alabama,16326,1080,5,3
Anderson,South Carolina,202558,715,62,3
Fannin,Georgia,26188,386,8,3
Summit,Ohio,541013,412,165,3
Lee,Mississippi,85436,449,26,3
Davidson,North Carolina,167609,552,51,3
Hockley,Texas,23021,908,7,3
Allegany,New York,46091,1029,14,3
Greene,Pennsylvania,36233,575,11,3
Limestone,Alabama,98915,559,30,3
Howard,Indiana,82544,293,25,3
Bryan,Georgia,39627,435,12,3
Vermilion,Louisiana,59511,1173,18,3
Clinch,Georgia,6618,800,2,3
Pike,Alabama,33114,672,10,3
Moffat,Colorado,13283,4743,4,3
Nevada,California,99755,957,30,3
Henry,Iowa,19954,434,6,3
Lincoln,Montana,19980,3612,6,3
Kent,Delaware,180786,586,54,3
DeWitt,Texas,20160,908,6,3
Bernalillo,New Mexico,679121,1160,202,3
Jefferson,Kentucky,766757,380,228,3
Oklahoma,Oklahoma,797434,708,237,3
Warren,New York,63944,866,19,3
Genesee,New York,57280,492,17,3
Isle of Wight,Virginia,37109,315,11,3
Orange,North Carolina,148476,397,44,3
Orleans,Vermont,27037,693,8,3
Washington,Georgia,20374,678,6,3
Montgomery,North Carolina,27173,491,8,3
Clinton,Missouri,20387,418,6,3
Cortland,New York,47581,498,14,3
Broome,New York,190488,705,56,3
Indian River,Florida,159923,502,47,3
Victoria,Texas,92084,882,27,3
Osborne,Kansas,3421,892,1,3
Rutland,Vermont,58191,929,17,3
White,Arkansas,78753,1035,23,3
Delaware,Ohio,209177,443,61,3
Madison,Ohio,44731,465,13,3
Fond du Lac,Wisconsin,103403,719,30,3
Orangeburg,South Carolina,86175,1106,25,3
Polk,North Carolina,20724,237,6,3
San Diego,California,3338330,4206,966,3
Chester,Tennessee,17297,285,5,3
Garvin,Oklahoma,27711,802,8,3
Roberts,South Dakota,10394,1101,3,3
Tuscola,Michigan,52245,803,15,3
Imperial,California,181215,4176,52,3
Kendall,Illinois,128990,320,37,3
Moore,Texas,20940,899,6,3
Carroll,New Hampshire,48910,931,14,3
Livingston,New York,62914,631,18,3
Sarasota,Florida,433742,555,124,3
Codington,South Dakota,28009,688,8,3
Johnson,Kansas,602401,473,172,3
Linn,Oregon,129749,2290,37,3
Macon,Tennessee,24602,307,7,3
Franklin,Tennessee,42208,554,12,3
Livingston,Louisiana,140789,648,40,3
Dauphin,Pennsylvania,278299,525,79,3
Crawford,Indiana,10577,305,3,3
Lake,Ohio,230149,227,65,3
Hancock,Iowa,10630,571,3,3
Greene,Indiana,31922,542,9,3
Morehouse,Louisiana,24874,794,7,3
Clark,Washington,488241,629,137,3
Davie,North Carolina,42846,264,12,3
Carroll,Illinois,14305,444,4,3
Sauk,Wisconsin,64442,830,18,3
Calhoun,Mississippi,14361,586,4,3
Prince William,Virginia,470335,336,131,3
Wabasha,Minnesota,21627,522,6,3
Macon,Alabama,18068,608,5,3
Pickens,Georgia,32591,232,9,3
Teller,Colorado,25388,557,7,3
Travis,Texas,1273954,990,351,3
Watonwan,Minnesota,10897,434,3,3
Bartholomew,Indiana,83779,406,23,3
Hutchinson,South Dakota,7291,812,2,3
Comanche,Oklahoma,120749,1069,33,3
Coshocton,Ohio,36600,563,10,3
Atlantic,New Jersey,263670,555,72,3
Benton,Iowa,25645,716,7,3
Humboldt,California,135558,3567,37,3
Cannon,Tennessee,14678,265,4,3
Fort Bend,Texas,811688,861,221,3
Washington,Rhode Island,125577,329,34,3
Cheatham,Tennessee,40667,302,11,3
Glynn,Georgia,85292,419,23,3
Monroe,Indiana,148431,394,40,3
York,Pennsylvania,449058,904,121,3
Tulsa,Oklahoma,651552,570,175,3
Cabarrus,North Carolina,216453,361,58,3
Strafford,New Hampshire,130633,368,35,3
Clark,South Dakota,3736,957,1,3
Pima,Arizona,1047279,9187,280,3
Clay,North Carolina,11231,214,3,3
Contra Costa,California,1153526,715,307,3
Jasper,South Carolina,30073,655,8,3
Ohio,West Virginia,41411,105,11,3
Alameda,California,1671329,739,443,3
St Joseph,Indiana,271826,457,72,3
Lyman,South Dakota,3781,1641,1,3
St Marys,Maryland,113510,357,30,3
Shiawassee,Michigan,68122,530,18,3
Porter,Indiana,170389,418,45,3
Johnson,Arkansas,26578,659,7,3
Valley,Idaho,11392,3664,3,3
Natrona,Wyoming,79858,5340,21,3
Delaware,Indiana,114135,392,30,3
Wasco,Oregon,26682,2381,7,3
Hemphill,Texas,3819,906,1,3
St Charles,Missouri,402022,560,105,3
Lexington,South Carolina,298750,698,78,3
Martin,Florida,161000,543,42,3
Prince George,Virginia,38353,265,10,3
Lewis,Idaho,3838,478,1,3
Montgomery,Alabama,226486,784,59,3
Ramsey,North Dakota,11519,1186,3,3
Santa Rosa,Florida,184313,1011,48,3
Hardin,Texas,57602,890,15,3
Rowan,North Carolina,142088,511,37,3
New Kent,Virginia,23091,209,6,3
York,South Carolina,280979,680,73,3
Chelan,Washington,77200,2920,20,3
Washington,North Carolina,11580,348,3,3
Union,Arkansas,38682,1039,10,3
Manatee,Florida,403253,742,104,3
Kent,Maryland,19422,277,5,3
Clarke,Mississippi,15541,691,4,3
Ottawa,Oklahoma,31127,470,8,3
St Clair,Alabama,89512,631,23,3
Wilson,North Carolina,81801,368,21,3
Walton,Florida,74071,1037,19,3
Washakie,Wyoming,7805,2238,2,3
Okaloosa,Florida,210738,930,54,3
Delaware,Oklahoma,43009,738,11,3
Georgetown,South Carolina,62680,813,16,3
Columbiana,Ohio,101883,531,26,3
Chatham,North Carolina,74470,682,19,3
Ontario,New York,109777,644,28,3
Jackson,Tennessee,11786,308,3,3
Orange,Indiana,19646,398,5,3
Grand,Colorado,15734,1846,4,3
Jackson,Louisiana,15744,569,4,3
Marshall,Iowa,39369,572,10,3
Searcy,Arkansas,7881,666,2,3
Douglas,Kansas,122259,455,31,3
Cass,North Dakota,181923,1764,46,3
Harrison,West Virginia,67256,416,17,3
Barrow,Georgia,83240,160,21,3
Chesterfield,Virginia,352802,423,89,3
Scott,Indiana,23873,190,6,3
Sacramento,California,1552058,964,390,3
Lapeer,Michigan,87607,643,22,3
Columbia,Washington,3985,868,1,3
Chambers,Texas,43837,597,11,3
Cherokee,Kansas,19939,587,5,3
Polk,Arkansas,19964,857,5,3
Union,North Carolina,239859,631,60,3
Taylor,Georgia,8020,376,2,2
Mobile,Alabama,413210,1229,103,2
Paulding,Georgia,168667,312,42,2
York,Virginia,68280,104,17,2
Hamilton,Ohio,817473,405,203,2
Northumberland,Virginia,12095,191,3,2
Blount,Tennessee,133088,558,33,2
Suwannee,Florida,44417,688,11,2
Perry,Tennessee,8076,414,2,2
Accomack,Virginia,32316,449,8,2
Benton,Tennessee,16160,394,4,2
Wake,North Carolina,1111761,835,275,2
Teton,Idaho,12142,449,3,2
McClain,Oklahoma,40474,570,10,2
Richmond,Georgia,202518,324,50,2
Alamosa,Colorado,16233,722,4,2
Twiggs,Georgia,8120,358,2,2
Lake,Colorado,8127,376,2,2
Live Oak,Texas,12207,1039,3,2
Forsyth,Georgia,244252,224,60,2
Washington,New York,61204,831,15,2
Jefferson,Ohio,65325,408,16,2
Highlands,Florida,106221,1016,26,2
Abbeville,South Carolina,24527,490,6,2
DeKalb,Tennessee,20490,304,5,2
Lenawee,Michigan,98451,749,24,2
Placer,California,398329,1407,97,2
Flagler,Florida,115081,485,28,2
Champaign,Illinois,209689,996,51,2
Honolulu,Hawaii,974563,600,237,2
Cecil,Maryland,102855,346,25,2
Sanilac,Michigan,41170,962,10,2
Oscoda,Michigan,8241,565,2,2
Dodge,Georgia,20605,495,5,2
Warren,Indiana,8265,364,2,2
Jones,Iowa,20681,575,5,2
Monroe,Alabama,20733,1025,5,2
Morgan,Colorado,29068,1280,7,2
Cumberland,New Jersey,149527,483,36,2
Stafford,Kansas,4156,792,1,2
Jessamine,Kentucky,54115,172,13,2
Knox,Nebraska,8332,1108,2,2
Lake,Florida,367118,938,88,2
Harrison,Missouri,8352,722,2,2
Botetourt,Virginia,33419,541,8,2
Oswego,New York,117124,951,28,2
Lowndes,Georgia,117406,496,28,2
Queen Annes,Maryland,50381,371,12,2
Albemarle,Virginia,109330,720,26,2
Crawford,Iowa,16820,714,4,2
Cheboygan,Michigan,25276,715,6,2
Greene,North Carolina,21069,265,5,2
Red River,Louisiana,8442,389,2,2
DeSoto,Florida,38001,637,9,2
Adair,Missouri,25343,567,6,2
Sioux,North Dakota,4230,1094,1,2
Dubuque,Iowa,97311,608,23,2
San Joaquin,California,762148,1391,180,2
Utah,Utah,636235,2003,150,2
Pamlico,North Carolina,12726,336,3,2
Cerro Gordo,Iowa,42450,568,10,2
Muskogee,Oklahoma,67997,810,16,2
Haralson,Georgia,29792,282,7,2
Webb,Texas,276652,3361,65,2
Harris,Texas,4713325,1703,1106,2
McDuffie,Georgia,21312,257,5,2
Panola,Mississippi,34192,685,8,2
Elmore,Alabama,81209,618,19,2
Maricopa,Arizona,4485414,9200,1049,2
Adams,Idaho,4294,1363,1,2
Jackson,Alabama,51626,1077,12,2
Polk,Oregon,86085,740,20,2
Greene,Tennessee,69069,622,16,2
Wilcox,Georgia,8635,377,2,2
Windham,Connecticut,116782,512,27,2
Freeborn,Minnesota,30281,707,7,2
Calhoun,Michigan,134159,706,31,2
Lincoln,Maine,34634,455,8,2
Monroe,Illinois,34637,385,8,2
Columbia,Pennsylvania,64964,483,15,2
Grant,Oklahoma,4333,1000,1,2
Jenkins,Georgia,8676,347,2,2
Carteret,North Carolina,69473,506,16,2
Maries,Missouri,8697,526,2,2
Deuel,South Dakota,4351,622,1,2
Shenandoah,Virginia,43616,508,10,2
Mecklenburg,Virginia,30587,625,7,2
Herkimer,New York,61319,1411,14,2
Upson,Georgia,26320,323,6,2
Smith,Texas,232751,921,53,2
Charlotte,Florida,188910,680,43,2
Southampton,Virginia,17631,599,4,2
Clearwater,Minnesota,8818,998,2,2
Mathews,Virginia,8834,85,2,2
Knox,Maine,39772,365,9,2
Dunn,North Dakota,4424,2008,1,2
Volusia,Florida,553284,1101,125,2
Darlington,South Carolina,66618,561,15,2
Cameron,Pennsylvania,4447,396,1,2
Kanawha,West Virginia,178124,901,40,2
Frederick,Virginia,89313,413,20,2
Orange,California,3175692,790,711,2
King George,Virginia,26836,179,6,2
Grant,Louisiana,22389,643,5,2
Kootenai,Idaho,165697,1244,37,2
Yellowstone,Montana,161300,2633,36,2
Weber,Utah,260213,576,58,2
Wahkiakum,Washington,4488,263,1,2
Baldwin,Georgia,44890,257,10,2
Pickaway,Ohio,58457,501,13,2
Lawrence,Pennsylvania,85512,358,19,2
Loudon,Tennessee,54068,229,12,2
Tooele,Utah,72259,6941,16,2
Dorchester,South Carolina,162809,573,36,2
Clark,Kentucky,36263,252,8,2
Payne,Oklahoma,81784,684,18,2
Faribault,Minnesota,13653,712,3,2
Union,South Carolina,27316,514,6,2
Whitman,Washington,50104,2159,11,2
St Clair,Illinois,259686,657,57,2
Menominee,Wisconsin,4556,357,1,2
Collin,Texas,1034730,841,227,2
Chesterfield,South Carolina,45650,799,10,2
OBrien,Iowa,13753,573,3,2
Merrimack,New Hampshire,151391,934,33,2
Winona,Minnesota,50484,626,11,2
Monroe,Georgia,27578,395,6,2
Glades,Florida,13811,806,3,2
Chester,South Carolina,32244,580,7,2
Converse,Wyoming,13822,4254,3,2
Douglas,Nebraska,571327,328,124,2
Wharton,Texas,41556,1086,9,2
Chippewa,Wisconsin,64658,1008,14,2
Green,Wisconsin,36960,583,8,2
Madison,Florida,18493,695,4,2
Carroll,Tennessee,27767,599,6,2
Musselshell,Montana,4633,1868,1,2
Multnomah,Oregon,812855,431,175,2
Jasper,Iowa,37185,730,8,2
Maui,Hawaii,167417,1161,36,2
Autauga,Alabama,55869,594,12,2
Yamhill,Oregon,107100,715,23,2
Gogebic,Michigan,13975,1101,3,2
Covington,Mississippi,18636,413,4,2
Nassau,Florida,88625,648,19,2
Gloucester,Virginia,37348,217,8,2
Franklin,Georgia,23349,261,5,2
Franklin,Virginia,56042,8,12,2
Montgomery,Texas,607391,1041,130,2
Clay,South Dakota,14070,412,3,2
Clinton,Illinois,37562,474,8,2
Poinsett,Arkansas,23528,758,5,2
Belknap,New Hampshire,61303,400,13,2
McLean,North Dakota,9450,2110,2,2
Erath,Texas,42698,1083,9,2
McPherson,Kansas,28542,898,6,2
Jefferson,West Virginia,57146,209,12,2
Florence,South Carolina,138293,799,29,2
Forsyth,North Carolina,382295,408,80,2
Ventura,California,846006,1843,177,2
Belmont,Ohio,67006,532,14,2
Bibb,Georgia,153159,249,32,2
Racine,Wisconsin,196311,332,41,2
Jefferson,Missouri,225081,656,47,2
Jones,Georgia,28735,393,6,2
Payette,Idaho,23951,406,5,2
Santa Cruz,California,273213,445,57,2
Kittitas,Washington,47935,2297,10,2
Knox,Tennessee,470313,508,98,2
Lumpkin,Georgia,33610,282,7,2
Frederick,Maryland,259547,660,54,2
Maury,Tennessee,96387,613,20,2
Kent,Michigan,656955,846,136,2
Ward,North Dakota,67641,2013,14,2
Bourbon,Kansas,14534,635,3,2
Calhoun,South Carolina,14553,381,3,2
Dunklin,Missouri,29131,541,6,2
Lowndes,Alabama,9726,715,2,2
Lowndes,Mississippi,58595,505,12,2
Hale,Alabama,14651,643,3,2
Lonoke,Arkansas,73309,770,15,2
Columbia,Georgia,156714,290,32,2
Hays,Texas,230191,677,47,2
McLean,Illinois,171517,1183,35,2
Polk,Iowa,490161,573,100,2
Washington,Colorado,4908,2518,1,2
Marion,Mississippi,24573,542,5,2
Lincoln,Missouri,59013,626,12,2
Jackson,Texas,14760,829,3,2
Montgomery,New York,49221,403,10,2
Fairfield,Ohio,157574,504,32,2
Carbon,Wyoming,14800,7897,3,2
Marshall,South Dakota,4935,838,1,2
Juniata,Pennsylvania,24763,391,5,2
Putnam,Florida,74521,727,15,2
Chaves,New Mexico,64615,6065,13,2
Lincoln,Oklahoma,34877,952,7,2
Morgan,Alabama,119679,579,24,2
Chatham,Georgia,289430,426,58,2
Big Stone,Minnesota,4991,499,1,2
Winneshiek,Iowa,19991,689,4,2
Franklin,New York,50022,1629,10,2
Thurston,Washington,290536,721,58,2
Yuma,Colorado,10019,2364,2,2
Hardeman,Tennessee,25050,667,5,2
Riverside,California,2470546,7206,493,2
Bayfield,Wisconsin,15036,1477,3,2
Richland,Louisiana,20122,559,4,2
Brown,Indiana,15092,311,3,2
Harris,Georgia,35236,463,7,2
Latimer,Oklahoma,10073,722,2,2
Cass,Missouri,105780,696,21,2
Macon,Missouri,15117,801,3,2
Iredell,North Carolina,181806,573,36,2
Bullock,Alabama,10101,622,2,2
Garfield,Utah,5051,5175,1,2
Licking,Ohio,176862,682,35,2
Chicot,Arkansas,10118,644,2,2
Williamsburg,South Carolina,30368,934,6,2
Custer,Colorado,5068,738,1,2
Centre,Pennsylvania,162385,1109,32,2
Posey,Indiana,25427,409,5,2
Warren,Missouri,35649,428,7,2
Montgomery,Tennessee,208993,539,41,2
Marion,West Virginia,56072,308,11,2
Hernando,Florida,193920,472,38,2
Tuscaloosa,Alabama,209355,1321,41,2
Tuscarawas,Ohio,91987,567,18,2
Canadian,Oklahoma,148306,896,29,2
Love,Oklahoma,10253,514,2,2
Mason,Washington,66768,959,13,2
Atchison,Missouri,5143,547,1,2
Washington,Minnesota,262440,384,51,2
Stark,Ohio,370606,575,72,2
Bradley,Tennessee,108110,328,21,2
Torrance,New Mexico,15461,3344,3,2
Washington,Pennsylvania,206865,856,40,2
Stephens,Georgia,25925,179,5,2
Grenada,Mississippi,20758,422,4,2
Midland,Michigan,83156,516,16,2
Kern,California,900202,8131,173,2
Sonoma,California,494336,1575,95,2
Barnes,North Dakota,10415,1491,2,2
Adams,Nebraska,31363,563,6,2
Charlevoix,Michigan,26143,416,5,2
Hennepin,Minnesota,1265843,553,242,2
McLennan,Texas,256623,1037,49,2
Cherokee,Alabama,26196,553,5,2
Klamath,Oregon,68238,5941,13,2
Newton,Mississippi,21018,578,4,2
Kingfisher,Oklahoma,15765,898,3,2
Cape Girardeau,Missouri,78871,578,15,2
Amherst,Virginia,31605,473,6,2
Pemiscot,Missouri,15805,492,3,2
Essex,New York,36885,1794,7,2
Stafford,Virginia,152882,268,29,2
Mitchell,Iowa,10586,469,2,2
Montgomery,Kansas,31829,643,6,2
Jo Daviess,Illinois,21235,601,4,2
Union,South Dakota,15932,460,3,2
Dallas,Alabama,37196,978,7,2
Carroll,Kentucky,10631,128,2,2
Osage,Kansas,15949,705,3,2
Montcalm,Michigan,63888,705,12,2
Spartanburg,South Carolina,319785,807,60,2
Simpson,Mississippi,26658,589,5,2
Henderson,North Carolina,117417,373,22,2
Lewis and Clark,Montana,69432,3458,13,2
Citrus,Florida,149657,581,28,2
Elbert,Colorado,26729,1850,5,2
Woodford,Kentucky,26734,188,5,2
Franklin,North Carolina,69685,491,13,2
Toombs,Georgia,26830,364,5,2
Colorado,Texas,21493,960,4,2
Etowah,Alabama,102268,534,19,2
Carroll,Ohio,26914,394,5,2
Stephens,Oklahoma,43143,870,8,2
Mackinac,Michigan,10799,1021,2,2
Miller,Arkansas,43257,625,8,2
Adams,Pennsylvania,103009,518,19,2
Berkeley,South Carolina,227907,1098,42,2
Greene,Missouri,293086,675,54,2
Nacogdoches,Texas,65204,946,12,2
Defiance,Ohio,38087,411,7,2
Edgefield,South Carolina,27260,500,5,2
Chattahoochee,Georgia,10907,248,2,2
Fluvanna,Virginia,27270,286,5,2
Jasper,Mississippi,16383,676,3,2
Pontotoc,Oklahoma,38284,720,7,2
St Lucie,Florida,328297,571,60,2
Franklin,Missouri,103967,922,19,2
Benton,Oregon,93053,675,17,2
Bond,Illinois,16426,380,3,2
Pitt,North Carolina,180742,651,33,2
Grant,Indiana,65769,414,12,2
Iron,Utah,54839,3296,10,2
Stevens,Kansas,5485,727,1,2
Tarrant,Texas,2102515,863,383,2
Hamilton,Tennessee,367804,542,67,2
Deschutes,Oregon,197692,3018,36,2
Okmulgee,Oklahoma,38465,697,7,2
Audubon,Iowa,5496,442,1,2
Vanderburgh,Indiana,181451,233,33,2
Buffalo,Nebraska,49659,968,9,2
Mahnomen,Minnesota,5527,557,1,2
Brown,South Dakota,38839,1712,7,2
Kauai,Hawaii,72293,619,13,2
Ben Hill,Georgia,16700,250,3,2
Hale,Texas,33406,1004,6,2
Alleghany,North Carolina,11137,235,2,2
Emmet,Michigan,33415,467,6,2
Scott,Iowa,172943,458,31,2
Sussex,Virginia,11159,490,2,2
New Hanover,North Carolina,234473,191,42,2
Cullman,Alabama,83768,734,15,2
Rutherford,North Carolina,67029,564,12,2
Potter,Texas,117415,908,21,2
Washington,Maryland,151049,457,27,2
Bibb,Alabama,22394,622,4,2
Box Elder,Utah,56046,5745,10,2
Madera,California,157327,2137,28,2
Cumberland,Pennsylvania,253370,545,45,2
Lincoln,Minnesota,5639,536,1,2
Bradford,Florida,28201,293,5,2
Seneca,New York,34016,323,6,2
Desha,Arkansas,11361,768,2,2
Iron,Wisconsin,5687,758,1,2
Pasquotank,North Carolina,39824,226,7,2
Androscoggin,Maine,108277,467,19,2
Lincoln,Colorado,5701,2577,1,2
Ottawa,Kansas,5704,720,1,2
Buckingham,Virginia,17148,579,3,2
McDowell,North Carolina,45756,440,8,2
Murray,Georgia,40096,344,7,2
Bay,Michigan,103126,442,18,2
McHenry,North Dakota,5745,1873,1,2
Polk,Florida,724777,1797,126,2
Tulare,California,466195,4824,81,2
Gaston,North Carolina,224529,356,39,2
Hancock,West Virginia,28810,82,5,2
Union,Mississippi,28815,415,5,2
Madison,Tennessee,97984,557,17,2
Flathead,Montana,103806,5087,18,2
Sheboygan,Wisconsin,115340,511,20,2
Martin,Texas,5771,914,1,2
Montgomery,Missouri,11551,536,2,2
Muskegon,Michigan,173566,499,30,2
Clark,Wisconsin,34774,1209,6,2
Oxford,Maine,57975,2076,10,2
Panola,Texas,23194,801,4,2
Custer,Oklahoma,29003,988,5,2
Morrow,Oregon,11603,2031,2,2
Wirt,West Virginia,5821,232,1,2
Neshoba,Mississippi,29118,570,5,2
Antrim,Michigan,23324,475,4,2
Hughes,South Dakota,17526,741,3,2
Clayton,Iowa,17549,778,3,2
Northampton,Virginia,11710,211,2,2
Beaufort,North Carolina,46994,827,8,2
Ohio,Indiana,5875,86,1,2
Armstrong,Pennsylvania,64735,653,11,2
Nash,North Carolina,94298,540,16,2
Owyhee,Idaho,11823,7665,2,2
Rock Island,Illinois,141879,427,24,2
Walton,Georgia,94593,325,16,2
Marion,Ohio,65093,403,11,2
Hertford,North Carolina,23677,353,4,2
Crawford,Ohio,41494,401,7,2
Vernon,Louisiana,47429,1327,8,2
Kendall,Texas,47431,662,8,2
Shelby,Missouri,5930,500,1,2
Schuyler,New York,17807,328,3,2
Livingston,Illinois,35648,1044,6,2
Heard,Georgia,11923,296,2,2
Franklin,Pennsylvania,155027,772,26,2
Ste Genevieve,Missouri,17894,499,3,2
Sabine,Louisiana,23884,866,4,2
Madison,Georgia,29880,282,5,2
Taylor,Texas,138034,915,23,2
Young,Texas,18010,914,3,2
Pinal,Arizona,462789,5365,77,2
Tioga,New York,48203,518,8,2
Marshall,Alabama,96774,565,16,2
Crowley,Colorado,6061,787,1,2
Sedgwick,Kansas,516042,997,85,2
Edmonson,Kentucky,12150,302,2,2
Jackson,Georgia,72977,339,12,2
Grant,Arkansas,18265,631,3,2
Otero,Colorado,18278,1261,3,2
St Joseph,Michigan,60964,500,10,2
Jefferson,New York,109834,1268,18,2
Guilford,North Carolina,537174,645,88,2
Pierce,Wisconsin,42754,573,7,2
Steele,Minnesota,36649,429,6,2
Jefferson,Montana,12221,1656,2,2
Eastland,Texas,18360,926,3,2
Taylor,Iowa,6121,531,1,2
George,Mississippi,24500,478,4,2
Appling,Georgia,18386,507,3,2
Whiteside,Illinois,55175,684,9,2
Jackson,Oklahoma,24530,802,4,2
Lewis,Tennessee,12268,282,2,2
Hoke,North Carolina,55234,390,9,2
Cowlitz,Washington,110593,1140,18,2
Alcorn,Mississippi,36953,400,6,2
Hamlin,South Dakota,6164,507,1,2
Douglas,Wisconsin,43150,1304,7,2
Randolph,Indiana,24665,452,4,2
Deaf Smith,Texas,18546,1496,3,2
Humphreys,Tennessee,18582,530,3,2
Waseca,Minnesota,18612,423,3,2
Brunswick,North Carolina,142820,846,23,2
Meigs,Tennessee,12422,195,2,2
La Crosse,Wisconsin,118016,451,19,2
Luce,Michigan,6229,899,1,2
Harford,Maryland,255441,437,41,2
Franklin,Alabama,31362,633,5,2
Dodge,Wisconsin,87839,875,14,2
Yadkin,North Carolina,37667,334,6,2
Colleton,South Carolina,37677,1056,6,2
Park,Colorado,18845,2193,3,2
Jefferson,Texas,251565,876,40,2
Antelope,Nebraska,6298,857,1,2
Warrick,Indiana,62998,384,10,2
Van Buren,Michigan,75677,607,12,2
Calhoun,Alabama,113605,605,18,2
Breathitt,Kentucky,12630,492,2,2
Woodruff,Arkansas,6320,586,1,2
Pike,Georgia,18962,216,3,2
Clackamas,Oregon,418187,1870,66,2
Natchitoches,Louisiana,38158,1252,6,2
Vance,North Carolina,44535,253,7,2
Spink,South Dakota,6376,1503,1,2
Scott,Missouri,38280,419,6,2
Somerset,Maryland,25616,319,4,2
Banks,Georgia,19234,232,3,2
Blount,Alabama,57826,644,9,2
Warren,Iowa,51466,569,8,2
Kennebec,Maine,122302,867,19,2
Saline,Arkansas,122437,723,19,2
Jefferson,Indiana,32308,360,5,2
Fayette,Pennsylvania,129274,790,20,2
LaPorte,Indiana,109888,598,17,2
Berrien,Georgia,19397,451,3,2
Washington,Tennessee,129375,326,20,2
Webster,Kentucky,12942,331,2,2
Macon,Georgia,12947,400,2,2
Pueblo,Colorado,168424,2386,26,2
Benton,Missouri,19443,704,3,2
Kearney,Nebraska,6495,516,1,2
Buffalo,Wisconsin,13031,671,2,2
Jefferson,Wisconsin,84769,556,13,2
Muscogee,Georgia,195769,216,30,2
Allen,Indiana,379299,657,58,2
Eau Claire,Wisconsin,104646,637,16,2
Wood,Ohio,130817,617,20,2
Fayette,Iowa,19650,730,3,2
DeKalb,Illinois,104897,631,16,2
Randall,Texas,137713,911,21,2
Pulaski,Missouri,52607,547,8,2
Davison,South Dakota,19775,435,3,2
Pottawatomie,Oklahoma,72592,787,11,2
Goshen,Wyoming,13211,2225,2,2
Stewart,Georgia,6621,458,1,2
Lac qui Parle,Minnesota,6623,765,1,2
Lauderdale,Alabama,92729,667,14,2
Kalamazoo,Michigan,265066,561,40,2
New London,Connecticut,265206,664,40,2
Madison,Virginia,13261,320,2,2
Ripley,Missouri,13288,629,2,2
Benton,Arkansas,279141,847,42,2
Juneau,Wisconsin,26687,766,4,1
Kenton,Kentucky,166998,160,25,1
Yolo,California,220500,1014,33,1
Uvalde,Texas,26741,1551,4,1
Monroe,Arkansas,6701,607,1,1
Bradford,Pennsylvania,60323,1147,9,1
Fall River,South Dakota,6713,1739,1,1
Yavapai,Arizona,235099,8123,35,1
Smith,Tennessee,20157,314,3,1
Orleans,New York,40352,391,6,1
Lewis,Washington,80707,2402,12,1
Morgan,Illinois,33658,568,5,1
Riley,Kansas,74232,609,11,1
Ottawa,Ohio,40525,254,6,1
Hot Spring,Arkansas,33771,615,5,1
Blue Earth,Minnesota,67653,747,10,1
Wayne,Kentucky,20333,458,3,1
Iroquois,Illinois,27114,1117,4,1
Shawnee,Kansas,176875,544,26,1
Osage,Missouri,13615,604,2,1
Roane,West Virginia,13688,483,2,1
Ellis,Texas,184826,935,27,1
Henry,Indiana,47972,391,7,1
East Carroll,Louisiana,6861,420,1,1
Mercer,Ohio,41172,462,6,1
Transylvania,North Carolina,34385,378,5,1
Hardy,West Virginia,13776,582,2,1
Reno,Kansas,61998,1255,9,1
Sullivan,Indiana,20669,447,3,1
Huerfano,Colorado,6897,1591,1,1
Bon Homme,South Dakota,6901,563,1,1
Tallahatchie,Mississippi,13809,645,2,1
Walworth,Wisconsin,103868,555,15,1
Sutter,California,96971,602,14,1
Shelby,Ohio,48590,407,7,1
Horry,South Carolina,354081,1133,51,1
Cherokee,Oklahoma,48657,749,7,1
Winn,Louisiana,13904,950,2,1
Pendleton,West Virginia,6969,696,1,1
Sioux,Iowa,34855,768,5,1
Nemaha,Nebraska,6972,407,1,1
Whitfield,Georgia,104628,290,15,1
Screven,Georgia,13966,645,2,1
Douglas,Nevada,48905,709,7,1
Henry,Illinois,48913,822,7,1
Jefferson,Mississippi,6990,519,1,1
Clinton,Ohio,41968,408,6,1
Tom Green,Texas,119200,1521,17,1
Gibson,Tennessee,49133,602,7,1
Madison,Nebraska,35099,572,5,1
Watauga,North Carolina,56177,312,8,1
King and Queen,Virginia,7025,315,1,1
Missoula,Montana,119600,2593,17,1
Lamar,Mississippi,63343,497,9,1
Calhoun,Florida,14105,567,2,1
Buchanan,Iowa,21175,571,3,1
Craig,Oklahoma,14142,761,2,1
Jackson,Illinois,56750,584,8,1
Hawkins,Tennessee,56786,486,8,1
Miami,Indiana,35516,373,5,1
Jasper,Georgia,14219,368,2,1
Elkhart,Indiana,206341,463,29,1
Bell,Texas,362924,1051,51,1
Willacy,Texas,21358,590,3,1
Halifax,North Carolina,50010,724,7,1
DeKalb,Alabama,71513,777,10,1
Adair,Iowa,7152,569,1,1
Harnett,North Carolina,135976,594,19,1
Delta,Michigan,35784,1171,5,1
Winnebago,Wisconsin,171907,434,24,1
San Bernardino,California,2180085,20056,304,1
Carlton,Minnesota,35871,861,5,1
McIntosh,Georgia,14378,424,2,1
Union,Kentucky,14381,342,2,1
Saunders,Nebraska,21578,750,3,1
Pasco,Florida,553947,746,77,1
Grant,Oregon,7199,4528,1,1
Wallowa,Oregon,7208,3146,1,1
Orange,Vermont,28892,687,4,1
Douglas,Washington,43429,1819,6,1
Roanoke,Virginia,94186,42,13,1
Forest,Pennsylvania,7247,427,1,1
Branch,Michigan,43517,506,6,1
Guadalupe,Texas,166847,711,23,1
Llano,Texas,21795,934,3,1
Nicholas,Kentucky,7269,195,1,1
Talladega,Alabama,79978,736,11,1
Renville,Minnesota,14548,982,2,1
Josephine,Oregon,87487,1639,12,1
Grundy,Illinois,51054,418,7,1
Clarke,Virginia,14619,176,2,1
Dodge,Nebraska,36565,528,5,1
Polk,Texas,51353,1057,7,1
Solano,California,447643,821,61,1
Scott,Tennessee,22068,532,3,1
Mahaska,Iowa,22095,570,3,1
Christian,Missouri,88595,562,12,1
Cascade,Montana,81366,2698,11,1
Swisher,Texas,7397,890,1,1
Vilas,Wisconsin,22195,856,3,1
Powhatan,Virginia,29652,260,4,1
Alleghany,Virginia,14860,445,2,1
Dyer,Tennessee,37159,512,5,1
Talbot,Maryland,37181,268,5,1
Arenac,Michigan,14883,363,2,1
Rockingham,Virginia,81948,849,11,1
Pleasants,West Virginia,7460,130,1,1
Pickens,South Carolina,126884,496,17,1
Nelson,Virginia,14930,470,2,1
St Francois,Missouri,67215,451,9,1
Gallia,Ohio,29898,466,4,1
Martin,North Carolina,22440,461,3,1
Caledonia,Vermont,29993,648,4,1
Cass,Texas,30026,936,4,1
Austin,Texas,30032,646,4,1
McKenzie,North Dakota,15024,2760,2,1
Sequatchie,Tennessee,15026,265,2,1
Boyle,Kentucky,30060,180,4,1
Culpeper,Virginia,52605,379,7,1
Williams,North Dakota,37589,2077,5,1
Leon,Florida,293582,666,39,1
Tippecanoe,Indiana,195732,499,26,1
Bledsoe,Tennessee,15064,406,2,1
Wetzel,West Virginia,15065,358,2,1
Elko,Nevada,52778,17169,7,1
Franklin,Maine,30199,1696,4,1
Page,Iowa,15107,534,2,1
Ector,Texas,166223,897,22,1
Sevier,Tennessee,98250,592,13,1
Randolph,North Carolina,143667,782,19,1
Warren,Ohio,234602,401,31,1
Walla Walla,Washington,60760,1270,8,1
Doniphan,Kansas,7600,393,1,1
Penobscot,Maine,152148,3397,20,1
Lake,Montana,30458,1490,4,1
Clay,Tennessee,7615,236,1,1
Ferry,Washington,7627,2203,1,1
Major,Oklahoma,7629,954,1,1
Marshall,West Virginia,30531,305,4,1
Napa,California,137744,748,18,1
Goliad,Texas,7658,852,1,1
Jefferson,Georgia,15362,526,2,1
Newberry,South Carolina,38440,630,5,1
Cameron,Texas,423163,890,55,1
Anderson,Tennessee,76978,337,10,1
Hood,Texas,61643,420,8,1
Washington,Utah,177556,2426,23,1
Clark,Illinois,15441,501,2,1
Campbell,Wyoming,46341,4802,6,1
Huron,Michigan,30981,835,4,1
Vermillion,Indiana,15498,256,2,1
Ramsey,Minnesota,550321,152,71,1
Newton,Arkansas,7753,820,1,1
Nye,Nevada,46523,18181,6,1
Isabella,Michigan,69872,572,9,1
Aiken,South Carolina,170872,1071,22,1
Rusk,Texas,54406,924,7,1
Grainger,Tennessee,23320,280,3,1
Champaign,Ohio,38885,428,5,1
Rio Arriba,New Mexico,38921,5860,5,1
Marquette,Wisconsin,15574,455,2,1
Hood River,Oregon,23382,521,3,1
Itawamba,Mississippi,23390,532,3,1
Sarpy,Nebraska,187196,238,24,1
Karnes,Texas,15601,747,2,1
Limestone,Texas,23437,905,3,1
Butler,Ohio,383134,467,49,1
Osceola,Michigan,23460,566,3,1
Wheeler,Georgia,7855,295,1,1
Craven,North Carolina,102139,708,13,1
Greenwood,South Carolina,70811,454,9,1
Clarke,Alabama,23622,1238,3,1
Winston,Alabama,23629,612,3,1
Craighead,Arkansas,110332,707,14,1
Kane,Utah,7886,3990,1,1
Ottawa,Michigan,291830,563,37,1
Bexar,Texas,2003554,1239,254,1
Waller,Texas,55246,513,7,1
Iowa,Wisconsin,23678,762,3,1
Fauquier,Virginia,71222,647,9,1
Telfair,Georgia,15860,437,2,1
Dakota,Minnesota,429021,562,54,1
Baldwin,Alabama,223234,1589,28,1
Catawba,North Carolina,159551,398,20,1
Lenoir,North Carolina,55949,400,7,1
Clay,Kansas,8002,645,1,1
Logan,West Virginia,32019,453,4,1
Clay,Iowa,16016,567,2,1
Pope,Arkansas,64072,812,8,1
Cassia,Idaho,24030,2565,3,1
Clay,Minnesota,64222,1045,8,1
Platte,Missouri,104418,420,13,1
White,Indiana,24102,505,3,1
Midland,Texas,176832,900,22,1
Moniteau,Missouri,16132,415,2,1
Bates,Missouri,16172,836,2,1
Henry,Tennessee,32345,562,4,1
Pulaski,Kentucky,64979,658,8,1
Gratiot,Michigan,40711,568,5,1
Anson,North Carolina,24446,531,3,1
Curry,New Mexico,48954,1404,6,1
Rock,Wisconsin,163354,718,20,1
Fountain,Indiana,16346,395,2,1
McCracken,Kentucky,65418,248,8,1
Jackson,Oregon,220944,2783,27,1
Monterey,California,434061,3280,53,1
Houston,Tennessee,8201,200,1,1
Lyon,Kentucky,8210,213,1,1
Grady,Georgia,24633,454,3,1
Mayes,Oklahoma,41100,655,5,1
Lawrence,Alabama,32924,690,4,1
Nevada,Arkansas,8252,617,1,1
Chattooga,Georgia,24789,313,3,1
Potter,Pennsylvania,16526,1081,2,1
Bedford,Tennessee,49713,473,6,1
Bracken,Kentucky,8303,205,1,1
Williamson,Texas,590551,1118,71,1
Wayne,Tennessee,16673,734,2,1
Caroline,Maryland,33406,319,4,1
Preston,West Virginia,33432,648,4,1
Marion,Georgia,8359,366,1,1
Johnston,North Carolina,209339,791,25,1
Hendry,Florida,42022,1152,5,1
Wexford,Michigan,33631,565,4,1
Gibson,Indiana,33659,487,4,1
Polk,Tennessee,16832,434,2,1
Hancock,Ohio,75783,531,9,1
Buncombe,North Carolina,261191,656,31,1
Tattnall,Georgia,25286,479,3,1
Cattaraugus,New York,76117,1308,9,1
Grand Traverse,Michigan,93088,464,11,1
Madison,Illinois,262966,715,31,1
Whitley,Indiana,33964,335,4,1
Lyon,Minnesota,25474,714,3,1
Franklin,Kentucky,50991,207,6,1
Wilson,Texas,51070,803,6,1
Jones,Mississippi,68098,694,8,1
Allen,Ohio,102351,402,12,1
Robertson,Texas,17074,855,2,1
Cache,Utah,128289,1164,15,1
McNairy,Tennessee,25694,562,3,1
Rabun,Georgia,17137,369,2,1
Lincoln,Tennessee,34366,570,4,1
Barton,Kansas,25779,895,3,1
Marshall,Tennessee,34375,375,4,1
Henry,Alabama,17205,561,2,1
Lee,Texas,17239,629,2,1
Richland,Wisconsin,17252,586,2,1
Sullivan,New Hampshire,43146,537,5,1
Cass,Michigan,51787,490,6,1
Haywood,Tennessee,17304,533,2,1
Comal,Texas,156209,559,18,1
Allendale,South Carolina,8688,408,1,1
Leon,Texas,17404,1073,2,1
Marlboro,South Carolina,26118,479,3,1
Kiowa,Oklahoma,8708,1015,1,1
Hancock,Kentucky,8722,187,1,1
Montezuma,Colorado,26183,2029,3,1
Hart,Georgia,26205,232,3,1
Cherokee,Texas,52646,1052,6,1
Liberty,Georgia,61435,489,7,1
Cloud,Kansas,8786,715,1,1
Sullivan,Tennessee,158348,413,18,1
Oceana,Michigan,26467,512,3,1
Houston,Alabama,105882,579,12,1
Nueces,Texas,362294,838,41,1
Mason,West Virginia,26516,430,3,1
Cuming,Nebraska,8846,570,1,1
Cooper,Missouri,17709,564,2,1
Lee,Arkansas,8857,602,1,1
Bastrop,Texas,88723,888,10,1
Johnson,Tennessee,17788,298,2,1
Fulton,New York,53383,495,6,1
Wayne,Ohio,115710,554,13,1
Union,Oregon,26835,2036,3,1
Wilkinson,Georgia,8954,447,1,1
Stanly,North Carolina,62806,395,7,1
Hanover,Virginia,107766,468,12,1
Claiborne,Mississippi,8988,487,1,1
Tillamook,Oregon,27036,1102,3,1
Caldwell,Missouri,9020,426,1,1
Logan,Kentucky,27102,552,3,1
Henderson,Kentucky,45210,436,5,1
Burke,North Carolina,90485,507,10,1
Mesa,Colorado,154210,3328,17,1
Dunn,Wisconsin,45368,850,5,1
Jefferson,Tennessee,54495,274,6,1
Camden,Georgia,54666,613,6,1
Finney,Kansas,36467,1301,4,1
Stokes,North Carolina,45591,448,5,1
Stevens,Washington,45723,2477,5,1
Jefferson,Iowa,18295,435,2,1
Knox,Indiana,36594,516,4,1
Pike,Missouri,18302,670,2,1
Pratt,Kansas,9164,735,1,1
Moore,North Carolina,100880,697,11,1
McLean,Kentucky,9207,252,1,1
Rogers,Oklahoma,92459,675,10,1
Covington,Alabama,37049,1030,4,1
Orange,Virginia,37051,340,4,1
Goodhue,Minnesota,46340,756,5,1
Charles Mix,South Dakota,9292,1097,1,1
Madison,Kentucky,92987,437,10,1
Monroe,Tennessee,46545,635,5,1
Bowie,Texas,93245,885,10,1
Montgomery,Ohio,531687,461,57,1
McCormick,South Carolina,9463,359,1,1
Brown,Texas,37864,944,4,1
Greenlee,Arizona,9498,1843,1,1
Scott,Kentucky,57004,281,6,1
Cheshire,New Hampshire,76085,706,8,1
Jefferson,Kansas,19043,532,2,1
Marquette,Michigan,66699,1808,7,1
Gregg,Texas,123945,273,13,1
Noble,Indiana,47744,410,5,1
Butler,Kansas,66911,1429,7,1
Lincoln,North Carolina,86111,297,9,1
White Pine,Nevada,9580,8875,1,1
Cumberland,North Carolina,335509,652,35,1
Logan,Oklahoma,48011,743,5,1
Clarion,Pennsylvania,38438,600,4,1
Woodford,Illinois,38459,527,4,1
Marion,Florida,365579,1584,38,1
Grimes,Texas,28880,787,3,1
Morgan,Georgia,19276,347,2,1
Johnson,Georgia,9643,303,1,1
Clallam,Washington,77331,1738,8,1
Garrett,Maryland,29014,647,3,1
Stoddard,Missouri,29025,823,3,1
Spencer,Kentucky,19351,186,2,1
Crawford,Kansas,38818,589,4,1
Bay,Florida,174705,758,18,1
Newton,Missouri,58236,624,6,1
Brevard,Florida,601942,1015,62,1
Yellow Medicine,Minnesota,9709,759,1,1
Jackson,Iowa,19439,636,2,1
Albany,Wyoming,38880,4273,4,1
Sangamon,Illinois,194672,868,20,1
Grand,Utah,9754,3671,1,1
Johnson,Texas,175817,724,18,1
Cleveland,North Carolina,97947,464,10,1
Val Verde,Texas,49025,3144,5,1
Giles,Tennessee,29464,610,3,1
Sublette,Wyoming,9831,4886,1,1
Yuba,California,78668,631,8,1
Jackson,Minnesota,9846,702,1,1
El Paso,Texas,839238,1012,85,1
Outagamie,Wisconsin,187885,637,19,1
Bourbon,Kentucky,19788,289,2,1
LaGrange,Indiana,39614,379,4,1
Montgomery,Iowa,9917,424,1,1
Caldwell,Louisiana,9918,529,1,1
Cumberland,Virginia,9932,297,1,1
Kosciusko,Indiana,79456,531,8,1
Jefferson,Idaho,29871,1093,3,1
Campbell,Tennessee,39842,480,4,1
Washington,Arkansas,239187,941,24,1
Madison,Idaho,39907,469,4,1
Emery,Utah,10012,4462,1,1
Navarro,Texas,50113,1009,5,1
Warren,Virginia,40164,213,4,1
Clatsop,Oregon,40224,829,4,1
Christian,Kentucky,70461,717,7,1
Hawaii,Hawaii,201513,4028,20,1
Susquehanna,Pennsylvania,40328,823,4,1
Winnebago,Illinois,282572,513,28,1
Snyder,Pennsylvania,40372,328,4,1
Carroll,Indiana,20257,372,2,1
St Helena,Louisiana,10132,408,1,1
El Dorado,California,192843,1707,19,1
Todd,South Dakota,10177,1388,1,1
Washington,Idaho,10194,1452,1,1
Jay,Indiana,20436,383,2,1
Warren,Kentucky,132896,541,13,1
Saluda,South Carolina,20473,452,2,1
Breckinridge,Kentucky,20477,567,2,1
Keokuk,Iowa,10246,579,1,1
White,Georgia,30798,240,3,1
Scott,Arkansas,10281,892,1,1
Ralls,Missouri,10309,469,1,1
Jackson,Wisconsin,20643,987,2,1
Sequoyah,Oklahoma,41569,673,4,1
Lanier,Georgia,10423,185,1,1
Barnwell,South Carolina,20866,548,2,1
Perry,Arkansas,10455,551,1,1
Worcester,Maryland,52276,468,5,1
Coffee,Alabama,52342,678,5,1
Clay,Texas,10471,1088,1,1
Rockwall,Texas,104915,127,10,1
Anoka,Minnesota,356921,423,34,1
Ogemaw,Michigan,20997,563,2,1
Carver,Minnesota,105089,354,10,1
Fulton,Ohio,42126,405,4,1
La Paz,Arizona,21108,4499,2,1
Okanogan,Washington,42243,5267,4,1
Lancaster,Virginia,10603,133,1,1
Fresno,California,999101,5957,94,1
Walsh,North Dakota,10641,1281,1,1
Allen,Kentucky,21315,344,2,1
Fayette,Illinois,21336,716,2,1
Guthrie,Iowa,10689,590,1,1
Morgan,Tennessee,21403,522,2,1
Colfax,Nebraska,10709,411,1,1
Effingham,Georgia,64296,477,6,1
Pike,Arkansas,10718,600,1,1
Carbon,Montana,10725,2048,1,1
Franklin,Texas,10725,284,1,1
Gage,Nebraska,21513,851,2,1
Cumberland,Illinois,10766,346,1,1
Ionia,Michigan,64697,571,6,1
Stanislaus,California,550660,1494,51,1
Clinton,Indiana,32399,405,3,1
Candler,Georgia,10803,243,1,1
Ashtabula,Ohio,97241,701,9,1
Tyler,Texas,21672,924,2,1
Angelina,Texas,86715,797,8,1
Mecosta,Michigan,43453,555,4,1
Clay,Missouri,249948,397,23,1
Wyandot,Ohio,21772,406,2,1
Washita,Oklahoma,10916,1003,1,1
Buchanan,Missouri,87364,408,8,1
Lincoln,Washington,10939,2310,1,1
Mercer,Pennsylvania,109424,672,10,1
Gray,Texas,21886,925,2,1
Madison,Louisiana,10951,624,1,1
Mercer,Kentucky,21933,248,2,1
Wayne,Indiana,65884,401,6,1
Hidalgo,Texas,868707,1570,79,1
Roosevelt,Montana,11004,2354,1,1
Brown,Wisconsin,264542,529,24,1
Louisa,Iowa,11035,401,1,1
Seneca,Ohio,55178,551,5,1
Colbert,Alabama,55241,592,5,1
Putnam,Georgia,22119,344,2,1
Columbus,North Carolina,55508,937,5,1
Overton,Tennessee,22241,433,2,1
Oldham,Kentucky,66799,187,6,1
Platte,Nebraska,33470,674,3,1
Grady,Oklahoma,55834,1100,5,1
Wayne,North Carolina,123131,553,11,1
Martin,Kentucky,11195,229,1,1
Wakulla,Florida,33739,606,3,1
Laurens,South Carolina,67493,713,6,1
Catoosa,Georgia,67580,162,6,1
Rockbridge,Virginia,22573,597,2,1
Putnam,West Virginia,56450,345,5,1
Grayson,Texas,136212,932,12,1
Northumberland,Pennsylvania,90843,458,8,1
Anderson,Kentucky,22747,201,2,1
Prince Edward,Virginia,22802,349,2,1
Auglaize,Ohio,45656,401,4,1
Sumner,Kansas,22836,1181,2,1
McDonald,Missouri,22837,539,2,1
Nicollet,Minnesota,34274,448,3,1
Marshall,Illinois,11438,386,1,1
Starke,Indiana,22995,309,2,1
Greenbrier,West Virginia,34662,1019,3,1
Gates,North Carolina,11562,340,1,1
Marshall,Indiana,46258,443,4,1
Perry,Pennsylvania,46272,551,4,1
Grand Forks,North Dakota,69451,1436,6,1
Jackson,Florida,46414,917,4,1
Huron,Ohio,58266,491,5,1
Boyd,Kentucky,46718,159,4,1
Campbell,Kentucky,93584,151,8,1
Sandusky,Ohio,58518,408,5,1
Lee,Virginia,23423,435,2,1
Lyon,Iowa,11755,587,1,1
Blackford,Indiana,11758,165,1,1
Beltrami,Minnesota,47188,2504,4,1
Jasper,Texas,35529,938,3,1
Oneida,Wisconsin,35595,1112,3,1
Scotts Bluff,Nebraska,35618,739,3,1
Marion,Kansas,11884,944,1,1
Vigo,Indiana,107038,403,9,1
Orange,Texas,83396,333,7,1
Blanco,Texas,11931,709,1,1
Page,Virginia,23902,310,2,1
Roscommon,Michigan,24019,519,2,1
Indiana,Pennsylvania,84073,827,7,1
Towns,Georgia,12037,166,1,1
Burnet,Texas,48155,994,4,1
Conecuh,Alabama,12067,850,1,1
Skamania,Washington,12083,1655,1,1
Washington,Kentucky,12095,297,1,1
Alamance,North Carolina,169509,423,14,1
Franklin,Florida,12125,534,1,1
Bollinger,Missouri,12133,617,1,1
Clermont,Ohio,206428,452,17,1
Sherburne,Minnesota,97238,432,8,1
Huntington,Indiana,36520,382,3,1
Pottawatomie,Kansas,24383,841,2,1
Menard,Illinois,12196,314,1,1
Garfield,Oklahoma,61056,1058,5,1
Hill,Texas,36649,958,3,1
Koochiching,Minnesota,12229,3104,1,1
Barry,Michigan,61550,553,5,1
Hunt,Texas,98594,840,8,1
Douglas,Oregon,110980,5036,9,1
Dare,North Carolina,37009,383,3,1
Powell,Kentucky,12359,178,1,1
Hopkins,Texas,37084,767,3,1
Randolph,Missouri,24748,482,2,1
Erie,Ohio,74266,251,6,1
Spotsylvania,Virginia,136215,401,11,1
Morris,Texas,12388,251,1,1
Marion,Illinois,37205,572,3,1
Milam,Texas,24823,1016,2,1
Appanoose,Iowa,12426,497,1,1
Knox,Ohio,62322,525,5,1
Lincoln,Oregon,49962,979,4,1
Brown,Minnesota,25008,611,2,1
DeKalb,Missouri,12547,421,1,1
Wright,Iowa,12562,580,1,1
Presque Isle,Michigan,12592,658,1,1
Independence,Arkansas,37825,763,3,1
Gladwin,Michigan,25449,501,2,1
Cayuga,New York,76576,691,6,1
Lake,South Dakota,12797,563,1,1
Lauderdale,Tennessee,25633,471,2,1
Hardin,Tennessee,25652,577,2,1
Edgecombe,North Carolina,51472,505,4,1
Bleckley,Georgia,12873,215,1,1
Butler,Kentucky,12879,426,1,1
Taylor,Kentucky,25769,266,2,1
Woodbury,Iowa,103107,872,8,1
Lamb,Texas,12893,1016,1,1
Starr,Texas,64633,1223,5,1
St Croix,Wisconsin,90687,722,7,1
Ford,Illinois,12961,485,1,1
Calloway,Kentucky,39001,385,3,1
Camp,Texas,13094,195,1,1
Fremont,Idaho,13099,1863,1,1
Clay,Indiana,26225,357,2,1
Boone,Iowa,26234,571,2,1
Cass,Nebraska,26248,557,2,1
Lewis,New York,26296,1274,2,1
Jackson,Kansas,13171,656,1,1
Howard,Arkansas,13202,588,1,1
Grayson,Kentucky,26427,496,2,1
Waldo,Maine,39715,729,3,1
Amador,California,39752,594,3,1
Lewis,Kentucky,13275,482,1,1
Harrison,Texas,66553,899,5,1
Ashland,Ohio,53484,422,4,1
Charlton,Georgia,13392,773,1,1
Wyoming,Pennsylvania,26794,397,2,1
Mineral,West Virginia,26868,327,2,1
Perquimans,North Carolina,13463,247,1,1
Jasper,Missouri,121328,638,9,1
Tioga,Pennsylvania,40591,1133,3,1
Scott,Minnesota,149013,356,11,1
Saline,Kansas,54224,720,4,1
Newton,Texas,13595,933,1,1
Bullitt,Kentucky,81676,297,6,1
Comanche,Texas,13635,937,1,1
Gulf,Florida,13639,564,1,1
White,Tennessee,27345,376,2,1
York,Nebraska,13679,572,1,1
Pend Oreille,Washington,13724,1399,1,1
Glacier,Montana,13753,2995,1,1
Atoka,Oklahoma,13758,975,1,1
Crenshaw,Alabama,13772,608,1,1
Massac,Illinois,13772,237,1,1
Lamar,Alabama,13805,604,1,1
Door,Wisconsin,27668,481,2,1
Currituck,North Carolina,27763,261,2,1
Washington,Illinois,13887,562,1,1
Upshur,Texas,41753,582,3,1
Chowan,North Carolina,13943,172,1,1
Newton,Indiana,13984,401,1,1
Archuleta,Colorado,14029,1350,1,1
Crawford,Michigan,14029,556,1,1
Montgomery,Kentucky,28157,197,2,1
Chautauqua,New York,126903,1060,9,1
Sweetwater,Wyoming,42343,10426,3,1
Van Wert,Ohio,28275,409,2,1
Chisago,Minnesota,56579,414,4,1
Wells,Indiana,28296,368,2,1
Lycoming,Pennsylvania,113299,1228,8,1
Rusk,Wisconsin,14178,913,1,1
Glenn,California,28393,1313,2,1
Montgomery,Illinois,28414,703,2,1
Dubois,Indiana,42736,427,3,1
Wythe,Virginia,28684,461,2,1
Randolph,West Virginia,28695,1039,2,1
Caddo,Oklahoma,28762,1278,2,1
Highland,Ohio,43161,553,3,1
Larue,Kentucky,14398,261,1,1
Butler,Iowa,14439,580,1,1
Brown,Ohio,43432,490,3,1
Russell,Alabama,57961,641,4,1
DeKalb,Indiana,43475,362,3,1
Moultrie,Illinois,14501,335,1,1
Siskiyou,California,43539,6277,3,1
Pendleton,Kentucky,14590,277,1,1
Walker,Texas,72971,784,5,1
Eddy,New Mexico,58460,4175,4,1
Trinity,Texas,14651,693,1,1
Choctaw,Oklahoma,14672,770,1,1
Maverick,Texas,58722,1279,4,1
Duplin,North Carolina,58741,816,4,1
Gasconade,Missouri,14706,517,1,1
Lawrence,Tennessee,44142,617,3,1
Union,Ohio,58988,431,4,1
Wicomico,Maryland,103609,374,7,1
Kossuth,Iowa,14813,972,1,1
Stephenson,Illinois,44498,564,3,1
Sibley,Minnesota,14865,588,1,1
Mitchell,North Carolina,14964,221,1,1
Union,Pennsylvania,44923,315,3,1
Washington,Ohio,59911,631,4,1
Obion,Tennessee,30069,544,2,1
Huntingdon,Pennsylvania,45144,874,3,1
Smyth,Virginia,30104,450,2,1
Marathon,Wisconsin,135692,1544,9,1
Missaukee,Michigan,15118,564,1,1
Kaufman,Texas,136154,780,9,1
Richland,Ohio,121154,495,8,1
Gooding,Idaho,15179,728,1,1
Gadsden,Florida,45660,516,3,1
Logan,Ohio,45672,458,3,1
Livingston,Missouri,15227,532,1,1
Nottoway,Virginia,15232,314,1,1
Union,Florida,15237,243,1,1
Oglethorpe,Georgia,15259,439,1,1
Malheur,Oregon,30571,9887,2,1
Calaveras,California,45905,1020,3,1
St Louis,Minnesota,199070,6247,13,1
Lawrence,Kentucky,15317,415,1,1
Marion,South Carolina,30657,489,2,1
Valencia,New Mexico,76688,1066,5,1
Nelson,Kentucky,46233,417,3,1
Monroe,Wisconsin,46253,900,3,1
Mercer,Illinois,15437,561,1,1
Clare,Michigan,30950,564,2,1
Santa Cruz,Arizona,46498,1236,3,1
Pottawattamie,Iowa,93206,950,6,1
Ashland,Wisconsin,15562,1045,1,1
Umatilla,Oregon,77950,3215,5,1
De Witt,Illinois,15638,397,1,1
Clearfield,Pennsylvania,79255,1144,5,1
Erie,Pennsylvania,269728,799,17,1
Oconee,South Carolina,79546,626,5,1
Bulloch,Georgia,79608,672,5,1
Bedford,Pennsylvania,47888,1012,3,1
Reeves,Texas,15976,2635,1,1
Stone,Missouri,31952,464,2,1
Sebastian,Arkansas,127827,531,8,1
Claiborne,Tennessee,31959,434,2,1
Bryan,Oklahoma,47995,904,3,1
Neosho,Kansas,16007,571,1,1
Otoe,Nebraska,16012,615,1,1
Atchison,Kansas,16073,431,1,1
Dade,Georgia,16116,173,1,1
Crawford,Wisconsin,16131,570,1,1
Brunswick,Virginia,16231,566,1,1
Peoria,Illinois,179179,619,11,1
Fayette,Alabama,16302,627,1,1
Bureau,Illinois,32628,869,2,1
Madison,Iowa,16338,561,1,1
Piatt,Illinois,16344,439,1,1
Shasta,California,180080,3775,11,1
Black Hawk,Iowa,131228,565,8,1
Lawrence,Arkansas,16406,587,1,1
Cross,Arkansas,16419,616,1,1
Barbour,West Virginia,16441,341,1,1
Yuma,Arizona,213787,5513,13,1
Hill,Montana,16484,2898,1,1
Lamar,Texas,49859,907,3,1
Idaho,Idaho,16667,8477,1,1
Rockcastle,Kentucky,16695,316,1,1
Calumet,Wisconsin,50089,318,3,1
Boone,Kentucky,133581,246,8,1
Wood,West Virginia,83518,366,5,1
Hardin,Iowa,16846,569,1,1
Henry,Virginia,50557,382,3,1
Venango,Pennsylvania,50668,674,3,1
Crawford,Pennsylvania,84629,1012,5,1
Parke,Indiana,16937,444,1,1
Sevier,Arkansas,17007,565,1,1
Mason,Kentucky,17070,240,1,1
New Madrid,Missouri,17076,674,1,1
Wilkes,North Carolina,68412,754,4,1
King William,Virginia,17148,273,1,1
Medina,Texas,51584,1325,3,1
Harvey,Kansas,34429,539,2,1
McCreary,Kentucky,17231,426,1,1
Dickinson,Iowa,17258,380,1,1
Cook,Georgia,17270,227,1,1
Falls,Texas,17297,765,1,1
Steuben,Indiana,34594,308,2,1
Merced,California,277680,1934,16,1
Scotland,North Carolina,34823,318,2,1
Arkansas,Arkansas,17486,988,1,1
Brookings,South Dakota,35077,792,2,1
Liberty,Texas,88219,1158,5,1
Fannin,Texas,35514,890,2,1
Roane,Tennessee,53382,360,3,1
Unicoi,Tennessee,17883,186,1,1
Morgan,West Virginia,17884,229,1,1
Washington,Virginia,53740,560,3,1
Columbia,Florida,71686,797,4,1
McMinn,Tennessee,53794,430,3,1
Randolph,Arkansas,17958,652,1,1
Westmoreland,Virginia,18015,229,1,1
Perry,Ohio,36134,407,2,1
LaSalle,Illinois,108669,1135,6,1
Lane,Oregon,382067,4553,21,1
Drew,Arkansas,18219,828,1,1
Escambia,Alabama,36633,945,2,1
Cabell,West Virginia,91945,281,5,1
Burleson,Texas,18443,659,1,1
Hardin,Kentucky,110958,623,6,1
Roosevelt,New Mexico,18500,2447,1,1
Fentress,Tennessee,18523,498,1,1
Crawford,Illinois,18667,443,1,1
Andrews,Texas,18705,1500,1,1
Alexander,North Carolina,37497,259,2,1
Greene,Ohio,168937,413,9,1
Carter,Tennessee,56391,341,3,1
Plumas,California,18807,2553,1,1
Tazewell,Illinois,131803,648,7,1
Coffee,Tennessee,56520,428,3,1
Cass,Indiana,37689,412,2,1
Van Zandt,Texas,56590,842,3,1
Augusta,Virginia,75558,967,4,1
Pennington,South Dakota,113775,2776,6,1
Clark,Ohio,134083,397,7,1
Elbert,Georgia,19194,351,1,1
Hampton,South Carolina,19222,559,1,1
Marion,Kentucky,19273,343,1,1
Tishomingo,Mississippi,19383,424,1,1
Graham,Arizona,38837,4622,2,1
Story,Iowa,97117,572,5,1
Butler,Alabama,19448,776,1,1
Long,Georgia,19559,400,1,1
Mercer,West Virginia,58758,418,3,1
Holmes,Florida,19617,478,1,1
Labette,Kansas,19618,645,1,1
Ashley,Arkansas,19657,925,1,1
Allegan,Michigan,118081,825,6,1
Warren,North Carolina,19731,428,1,1
Person,North Carolina,39490,392,2,1
Wright,Minnesota,138377,661,7,1
Onslow,North Carolina,197938,762,10,1
Webster,Missouri,39592,592,2,1
Montague,Texas,19818,930,1,1
Greene,Virginia,19819,156,1,1
Lawrence,Ohio,59463,453,3,1
Lincoln,Wyoming,19830,4076,1,1
Duchesne,Utah,19938,3240,1,1
Union,Tennessee,19972,223,1,1
Fulton,Indiana,19974,368,1,1
Texas,Oklahoma,19983,2041,1,1
Lavaca,Texas,20154,969,1,0
Carroll,Iowa,20165,569,1,0
Marinette,Wisconsin,40350,1399,2,0
Wayne,Mississippi,20183,810,1,0
Woodward,Oklahoma,20211,1242,1,0
Adams,Wisconsin,20220,645,1,0
Uinta,Wyoming,20226,2081,1,0
Spencer,Indiana,20277,396,1,0
Tazewell,Virginia,40595,518,2,0
Isanti,Minnesota,40596,435,2,0
Carbon,Utah,20463,1478,1,0
Lee,North Carolina,61779,254,3,0
Morgan,Missouri,20627,597,1,0
Levy,Florida,41503,1118,2,0
Gonzales,Texas,20837,1066,1,0
Conway,Arkansas,20846,552,1,0
Minidoka,Idaho,21039,757,1,0
Okeechobee,Florida,42168,768,2,0
Lampasas,Texas,21428,712,1,0
Gaines,Texas,21492,1502,1,0
Hempstead,Arkansas,21532,727,1,0
Colusa,California,21547,1150,1,0
Muskingum,Ohio,86215,664,4,0
Kandiyohi,Minnesota,43199,796,2,0
Hamblen,Tennessee,64934,161,3,0
Crow Wing,Minnesota,65055,999,3,0
Mendocino,California,86749,3506,4,0
Leelanau,Michigan,21761,347,1,0
Jersey,Illinois,21773,369,1,0
Athens,Ohio,65327,503,3,0
Henry,Missouri,21824,696,1,0
Pittsburg,Oklahoma,43654,1305,2,0
Caldwell,Texas,43664,545,2,0
Beckham,Oklahoma,21859,901,1,0
Butte,California,219186,1636,10,0
Bannock,Idaho,87808,1111,4,0
Jackson,North Carolina,43938,490,2,0
Holmes,Ohio,43960,422,2,0
Nodaway,Missouri,22092,876,1,0
San Patricio,Texas,66730,693,3,0
Rice,Minnesota,66972,495,3,0
Itasca,Minnesota,45130,2667,2,0
Caswell,North Carolina,22604,424,1,0
Emanuel,Georgia,22646,680,1,0
Habersham,Georgia,45328,276,2,0
Warren,Mississippi,45381,588,2,0
Lancaster,Nebraska,319090,837,14,0
Ray,Missouri,23018,568,1,0
Mifflin,Pennsylvania,46138,411,2,0
Meeker,Minnesota,23222,608,1,0
Walker,Georgia,69761,446,3,0
Wise,Texas,69984,904,3,0
Bingham,Idaho,46811,2093,2,0
Columbia,Arkansas,23457,766,1,0
Saline,Illinois,23491,379,1,0
Mohave,Arizona,212181,13311,9,0
Portage,Wisconsin,70772,800,3,0
Dawson,Nebraska,23595,1013,1,0
Fremont,Colorado,47839,1533,2,0
Crawford,Missouri,23920,742,1,0
Upshur,West Virginia,24176,354,1,0
Seminole,Oklahoma,24258,632,1,0
Crook,Oregon,24404,2979,1,0
Raleigh,West Virginia,73361,605,3,0
Somerset,Pennsylvania,73447,1074,3,0
Newaygo,Michigan,48980,813,2,0
Union,Georgia,24511,321,1,0
Shelby,Kentucky,49024,379,2,0
Manistee,Michigan,24558,542,1,0
Barbour,Alabama,24686,884,1,0
Yates,New York,24913,338,1,0
St Francis,Arkansas,24994,634,1,0
Bremer,Iowa,25062,435,1,0
Grant,Kentucky,25069,257,1,0
Iosco,Michigan,25127,549,1,0
Plymouth,Iowa,25177,862,1,0
Hickman,Tennessee,25178,612,1,0
Cochise,Arizona,125922,6165,5,0
Dickinson,Michigan,25239,761,1,0
Somerset,Maine,50484,3924,2,0
Texas,Missouri,25398,1177,1,0
Washington,Florida,25473,582,1,0
Waupaca,Wisconsin,50990,747,2,0
Ross,Ohio,76666,689,3,0
Atascosa,Texas,51153,1219,2,0
Grant,Wisconsin,51439,1146,2,0
Kerr,Texas,52600,1103,2,0
Bedford,Virginia,78997,6,3,0
Hardee,Florida,26937,637,1,0
Gillespie,Texas,26988,1058,1,0
Grant,New Mexico,26998,3961,1,0
Gila,Arizona,54018,4757,2,0
Ashe,North Carolina,27203,426,1,0
Tuolumne,California,54478,2220,2,0
San Miguel,New Mexico,27277,4715,1,0
Caldwell,North Carolina,82178,471,3,0
Campbell,Virginia,54885,503,2,0
Hancock,Maine,54987,1586,2,0
Pike,Ohio,27772,440,1,0
Del Norte,California,27812,1006,1,0
Taney,Missouri,55928,632,2,0
Meade,South Dakota,28332,3470,1,0
Carroll,Arkansas,28380,630,1,0
Fayette,Ohio,28525,406,1,0
Parker,Texas,142878,903,5,0
Logan,Illinois,28618,618,1,0
Lyon,Nevada,57510,2001,2,0
San Jacinto,Texas,28859,569,1,0
Palo Pinto,Texas,29189,951,1,0
Park,Wyoming,29194,6942,1,0
Trempealeau,Wisconsin,29649,732,1,0
Cass,Minnesota,29779,2021,1,0
Carroll,Virginia,29791,474,1,0
Rockingham,North Carolina,91010,565,3,0
Laurel,Kentucky,60813,433,2,0
Blair,Pennsylvania,121829,525,4,0
Dillon,South Carolina,30479,404,1,0
Kings,California,152940,1389,5,0
Kleberg,Texas,30680,881,1,0
Caroline,Virginia,30725,527,1,0
Wabash,Indiana,30996,412,1,0
Marshall,Kentucky,31100,301,1,0
Haywood,North Carolina,62317,553,2,0
Delta,Colorado,31162,1142,1,0
Hardin,Ohio,31365,470,1,0
Gilmer,Georgia,31369,426,1,0
Washington,Maine,31379,2562,1,0
Sampson,North Carolina,63531,944,2,0
Dorchester,Maryland,31929,540,1,0
Stearns,Minnesota,161075,1343,5,0
Cambria,Pennsylvania,130192,688,4,0
Adams,Illinois,65435,855,2,0
Bladen,North Carolina,32722,874,1,0
Titus,Texas,32750,406,1,0
McCurtain,Oklahoma,32832,1850,1,0
Williamson,Illinois,66597,420,2,0
Weakley,Tennessee,33328,580,1,0
Ford,Kansas,33619,1098,1,0
Halifax,Virginia,33911,817,1,0
Effingham,Illinois,34008,478,1,0
Pulaski,Virginia,34027,319,1,0
Cowley,Kansas,34908,1125,1,0
Wapello,Iowa,34969,431,1,0
Allegany,Maryland,70416,424,2,0
Morrow,Ohio,35328,406,1,0
Lea,New Mexico,71070,4390,2,0
Houghton,Michigan,35684,1009,1,0
Uintah,Utah,35734,4479,1,0
Adams,Indiana,35777,339,1,0
Barry,Missouri,35789,778,1,0
Macon,North Carolina,35858,515,1,0
Surry,North Carolina,71783,532,2,0
Webster,Iowa,35904,715,1,0
Cocke,Tennessee,36004,434,1,0
Wood,Wisconsin,72999,793,2,0
Williams,Ohio,36692,420,1,0
Chippewa,Michigan,37349,1558,1,0
Wise,Virginia,37383,403,1,0
Boone,Arkansas,37432,590,1,0
Grays Harbor,Washington,75061,1902,2,0
Vermilion,Illinois,75758,898,2,0
Oconto,Wisconsin,37930,997,1,0
Coryell,Texas,75951,1052,2,0
Douglas,Minnesota,38141,637,1,0
Franklin,Illinois,38469,408,1,0
Clinton,Pennsylvania,38632,887,1,0
Guernsey,Ohio,38875,522,1,0
Des Moines,Iowa,38967,416,1,0
Warren,Pennsylvania,39191,884,1,0
Bonneville,Idaho,119062,1866,3,0
Latah,Idaho,40108,1076,1,0
Howell,Missouri,40117,927,1,0
Jim Wells,Texas,40482,864,1,0
McKean,Pennsylvania,40625,979,1,0
Mississippi,Arkansas,40651,900,1,0
Preble,Ohio,40882,424,1,0
Benton,Minnesota,40889,408,1,0
Warren,Tennessee,41277,432,1,0
Baxter,Arkansas,41932,554,1,0
Pettis,Missouri,42339,682,1,0
Butler,Missouri,42478,694,1,0
Robeson,North Carolina,130625,949,3,0
Ravalli,Montana,43806,2390,1,0
Barren,Kentucky,44249,487,1,0
Macoupin,Illinois,44926,862,1,0
Barron,Wisconsin,45244,862,1,0
Greene,Arkansas,45325,577,1,0
Wood,Texas,45539,645,1,0
Bonner,Idaho,45739,1734,1,0
Carter,Oklahoma,48111,822,1,0
Dale,Alabama,49172,561,1,0
Knox,Illinois,49699,716,1,0
Le Flore,Oklahoma,49853,1589,1,0
Ogle,Illinois,50643,758,1,0
Macon,Illinois,104009,580,2,0
Columbia,Oregon,52354,657,1,0
Cherokee,South Carolina,57300,392,1,0
Anderson,Texas,57735,1062,1,0
Otter Tail,Minnesota,58746,1972,1,0
Pittsylvania,Virginia,60354,968,1,0
Pender,North Carolina,63060,869,1,0
Crawford,Arkansas,63257,593,1,0
Aroostook,Maine,67055,6671,1,0
Otero,New Mexico,67490,6613,1,0
Henderson,Texas,82737,873,1,0
Montgomery,Virginia,98535,387,1,0